"","type","Migration","name","x","y"
"1","tno:coastal_migration_satellite_0_40k",-29.14127529,114,-1.1370610284,45.8096812228
"2","tno:coastal_migration_satellite_0_40k",-9.38652503,115,-1.1360086742,45.8066374584
"3","tno:coastal_migration_satellite_0_40k",-9.75929299,116,-1.1349563199,45.8035935276
"4","tno:coastal_migration_satellite_0_40k",-5.63117737,117,-1.1335698594,45.8006228252
"5","tno:coastal_migration_satellite_0_40k",-2.31194425,118,-1.1319279443,45.7977081333
"6","tno:coastal_migration_satellite_0_40k",-3.19116919,119,-1.1297441014,45.7949875958
"7","tno:coastal_migration_satellite_0_40k",-1.80834484,120,-1.1267626743,45.7926541528
"8","tno:coastal_migration_satellite_0_40k",-1.16131624,121,-1.1264204513,45.7828498244
"9","tno:coastal_migration_satellite_0_40k",1.82285073,122,-1.1293590731,45.7852186857
"10","tno:coastal_migration_satellite_0_40k",2.8340772,123,-1.132297695,45.7875874463
"11","tno:coastal_migration_satellite_0_40k",2.57650246,124,-1.1352363168,45.7899561063
"12","tno:coastal_migration_satellite_0_40k",2.11451695,125,-1.1381749386,45.7923246656
"13","tno:coastal_migration_satellite_0_40k",7.14299487,126,-1.1411135604,45.7946931243
"14","tno:coastal_migration_satellite_0_40k",-1.05978851,127,-1.1443091116,45.7968890935
"15","tno:coastal_migration_satellite_0_40k",-5.65817702,128,-1.1481514019,45.7984851037
"16","tno:coastal_migration_satellite_0_40k",-3.50452971,129,-1.152456645,45.7993086763
"17","tno:coastal_migration_satellite_0_40k",-0.6765752,130,-1.1569240726,45.7993737189
"18","tno:coastal_migration_satellite_0_40k",2.33295335,131,-1.1613358686,45.7988434727
"19","tno:coastal_migration_satellite_0_40k",-1.22613875,132,-1.1656151835,45.7979118961
"20","tno:coastal_migration_satellite_0_40k",-9.76079158,133,-1.1697609389,45.7967150276
"21","tno:coastal_migration_satellite_0_40k",-4.49395814,134,-1.1737704499,45.7953036053
"22","tno:coastal_migration_satellite_0_40k",-3.17516866,135,-1.177779961,45.7938921473
"23","tno:coastal_migration_satellite_0_40k",-4.60032517,136,-1.181789472,45.7924806536
"24","tno:coastal_migration_satellite_0_40k",-10.13137062,137,-1.1859964552,45.7913957033
"25","tno:coastal_migration_satellite_0_40k",-8.34127352,138,-1.1903681153,45.7908911011
"26","tno:coastal_migration_satellite_0_40k",-7.02884995,139,-1.1947770654,45.7912895766
"27","tno:coastal_migration_satellite_0_40k",11.24612678,140,-1.19908759,45.7921698037
"28","tno:coastal_migration_satellite_0_40k",-4.65594708,141,-1.2033981145,45.7930500169
"29","tno:coastal_migration_satellite_0_40k",24.41136264,142,-1.2078734826,45.793186891
"30","tno:coastal_migration_satellite_0_40k",-2.10714698,143,-1.2122444369,45.7925728197
"31","tno:coastal_migration_satellite_0_40k",-8.0648274,144,-1.2164297567,45.7914361799
"32","tno:coastal_migration_satellite_0_40k",-8.52245364,145,-1.2206150765,45.7902995169
"33","tno:coastal_migration_satellite_0_40k",-0.96138797,146,-1.2247102352,45.7890253358
"34","tno:coastal_migration_satellite_0_40k",-1.95741285,147,-1.2286814058,45.7875619675
"35","tno:coastal_migration_satellite_0_40k",-23.05147239,148,-1.2326525763,45.7860985608
"36","tno:coastal_migration_satellite_0_40k",-27.29768886,149,-1.2363357707,45.7843274043
"37","tno:coastal_migration_satellite_0_40k",-13.85181904,150,-1.2395166572,45.7821369885
"38","tno:coastal_migration_satellite_0_40k",-1.5230327,151,-1.2418975561,45.7795051366
"39","tno:coastal_migration_satellite_0_40k",16.43085217,152,-1.24322047,45.7765311189
"40","tno:coastal_migration_satellite_0_40k",11.30958149,153,-1.2435953995,45.77341939
"41","tno:coastal_migration_satellite_0_40k",3.8423549,154,-1.2433691043,45.7702953935
"42","tno:coastal_migration_satellite_0_40k",-4.90935493,155,-1.2429853602,45.7671737223
"43","tno:coastal_migration_satellite_0_40k",-8.81465069,156,-1.2426016161,45.7640518765
"44","tno:coastal_migration_satellite_0_40k",-0.54364238,157,-1.2422178721,45.760929856
"45","tno:coastal_migration_satellite_0_40k",-1.97672505,158,-1.241834128,45.7578076607
"46","tno:coastal_migration_satellite_0_40k",-0.08783341,159,-1.2414503839,45.7546852908
"47","tno:coastal_migration_satellite_0_40k",0.85172844,160,-1.2410935148,45.7515613392
"48","tno:coastal_migration_satellite_0_40k",3.30178876,161,-1.2408047011,45.748433646
"49","tno:coastal_migration_satellite_0_40k",3.75426129,162,-1.2405158874,45.7453057774
"50","tno:coastal_migration_satellite_0_40k",1.16342294,163,-1.2402270736,45.7421777337
"51","tno:coastal_migration_satellite_0_40k",-2.21081714,164,-1.2399382599,45.7390495146
"52","tno:coastal_migration_satellite_0_40k",-2.20764245,165,-1.2396494461,45.7359211203
"53","tno:coastal_migration_satellite_0_40k",-3.90938068,166,-1.2393606324,45.7327925507
"54","tno:coastal_migration_satellite_0_40k",-5.609557,167,-1.2390718187,45.7296638059
"55","tno:coastal_migration_satellite_0_40k",-7.46164498,168,-1.2387830049,45.7265348858
"56","tno:coastal_migration_satellite_0_40k",-3.39398377,169,-1.2384941912,45.7234057904
"57","tno:coastal_migration_satellite_0_40k",-3.64254685,170,-1.2382053775,45.7202765197
"58","tno:coastal_migration_satellite_0_40k",-2.93638333,171,-1.2379165637,45.7171470738
"59","tno:coastal_migration_satellite_0_40k",-3.93265248,172,-1.23762775,45.7140174526
"60","tno:coastal_migration_satellite_0_40k",-2.45591912,173,-1.2373389362,45.7108876561
"61","tno:coastal_migration_satellite_0_40k",-0.4278441,174,-1.2370501225,45.7077576844
"62","tno:coastal_migration_satellite_0_40k",-0.60271439,175,-1.2367613088,45.7046275374
"63","tno:coastal_migration_satellite_0_40k",2.43867337,176,-1.236472495,45.7014972151
"64","tno:coastal_migration_satellite_0_40k",-0.17687175,177,-1.2360066595,45.6983785136
"65","tno:coastal_migration_satellite_0_40k",-2.51300558,178,-1.2354423963,45.6952662037
"66","tno:coastal_migration_satellite_0_40k",-3.47504967,179,-1.2348781331,45.6921537206
"67","tno:coastal_migration_satellite_0_40k",-5.07518271,180,-1.2343138699,45.6890410643
"68","tno:coastal_migration_satellite_0_40k",-2.24713819,181,-1.2337496067,45.6859282347
"69","tno:coastal_migration_satellite_0_40k",-2.86416285,182,-1.2327442817,45.682872789
"70","tno:coastal_migration_satellite_0_40k",-6.36913695,183,-1.2314976553,45.6798649642
"71","tno:coastal_migration_satellite_0_40k",-6.42905414,184,-1.2297492802,45.6769769192
"72","tno:coastal_migration_satellite_0_40k",-10.02884492,185,-1.2271397346,45.6744269602
"73","tno:coastal_migration_satellite_0_40k",-8.99543143,186,-1.2236827083,45.6724369991
"74","tno:coastal_migration_satellite_0_40k",-11.01971466,187,-1.2196195174,45.6711259629
"75","tno:coastal_migration_satellite_0_40k",-3.26712542,188,-1.2152771619,45.6703476399
"76","tno:coastal_migration_satellite_0_40k",1.76319256,189,-1.2108268817,45.6699860428
"77","tno:coastal_migration_satellite_0_40k",1.00414115,190,-1.2063354899,45.6700144974
"78","tno:coastal_migration_satellite_0_40k",1.54010786,191,-1.2018466513,45.6700626217
"79","tno:coastal_migration_satellite_0_40k",1.53291822,192,-1.1974213116,45.6705996545
"80","tno:coastal_migration_satellite_0_40k",3.99877532,193,-1.1931343925,45.6715340004
"81","tno:coastal_migration_satellite_0_40k",5.88936696,194,-1.1892280058,45.6730674517
"82","tno:coastal_migration_satellite_0_40k",5.71289296,195,-1.1860231825,45.6752379674
"83","tno:coastal_migration_satellite_0_40k",-78.2299608,196,-1.1860630754,45.6779552813
"84","tno:coastal_migration_satellite_0_40k",-5.29431335,197,-1.1904286148,45.6785044724
"85","tno:coastal_migration_satellite_0_40k",-5.78260516,198,-1.1948518188,45.6779953556
"86","tno:coastal_migration_satellite_0_40k",-1.90467194,199,-1.1991647585,45.6771191094
"87","tno:coastal_migration_satellite_0_40k",-1.68304383,200,-1.2034923496,45.6762926244
"88","tno:coastal_migration_satellite_0_40k",-5.10854248,201,-1.2079539474,45.6759981144
"89","tno:coastal_migration_satellite_0_40k",6.23434549,202,-1.2123888872,45.676390112
"90","tno:coastal_migration_satellite_0_40k",21.20161503,203,-1.2165092689,45.6775822498
"91","tno:coastal_migration_satellite_0_40k",-6.85060439,204,-1.2199951754,45.6795318608
"92","tno:coastal_migration_satellite_0_40k",21.17365503,205,-1.2226453135,45.6820536882
"93","tno:coastal_migration_satellite_0_40k",43.61699918,206,-1.2244816843,45.6849155981
"94","tno:coastal_migration_satellite_0_40k",-15.22918343,207,-1.2255740932,45.6879591438
"95","tno:coastal_migration_satellite_0_40k",1.42167142,208,-1.2257253709,45.6910514271
"96","tno:coastal_migration_satellite_0_40k",-1.12820133,209,-1.2231663571,45.6935704162
"97","tno:coastal_migration_satellite_0_40k",-2.09211137,210,-1.2196509302,45.6954816845
"98","tno:coastal_migration_satellite_0_40k",-3.40462036,211,-1.215369348,45.6963101969
"99","tno:coastal_migration_satellite_0_40k",-10.32230021,212,-1.2109212411,45.6960361142
"100","tno:coastal_migration_satellite_0_40k",-5.18316757,213,-1.2067132346,45.6949508134
"101","tno:coastal_migration_satellite_0_40k",0.93635755,214,-1.2028445071,45.6933569117
"102","tno:coastal_migration_satellite_0_40k",-2.06556936,215,-1.1989757797,45.6917629645
"103","tno:coastal_migration_satellite_0_40k",8.28128933,216,-1.1952593273,45.6900079307
"104","tno:coastal_migration_satellite_0_40k",0.12056032,217,-1.191641582,45.6881483948
"105","tno:coastal_migration_satellite_0_40k",-2.71163206,218,-1.1880238366,45.6862887971
"106","tno:coastal_migration_satellite_0_40k",7.37097851,219,-1.1844060913,45.6844291376
"107","tno:coastal_migration_satellite_0_40k",-44.76275714,220,-1.180788346,45.6825694162
"108","tno:coastal_migration_satellite_0_40k",18.90425974,221,-1.1771193035,45.6807623975
"109","tno:coastal_migration_satellite_0_40k",-15.41890242,222,-1.1733102179,45.6790994661
"110","tno:coastal_migration_satellite_0_40k",-5.27908,223,-1.1695011323,45.6774364853
"111","tno:coastal_migration_satellite_0_40k",-0.2641846,224,-1.1656920466,45.6757734551
"112","tno:coastal_migration_satellite_0_40k",-8.37675562,225,-1.161882961,45.6741103831
"113","tno:coastal_migration_satellite_0_40k",-7.07854268,226,-1.1582920306,45.6722251496
"114","tno:coastal_migration_satellite_0_40k",-5.63941365,227,-1.1547012133,45.670339717
"115","tno:coastal_migration_satellite_0_40k",-4.536561,228,-1.151110396,45.6684542209
"116","tno:coastal_migration_satellite_0_40k",-2.7214503,229,-1.1476539459,45.6664503643
"117","tno:coastal_migration_satellite_0_40k",-0.32419923,230,-1.1442108042,45.6644346989
"118","tno:coastal_migration_satellite_0_40k",-0.26743708,231,-1.1407676625,45.6624189609
"119","tno:coastal_migration_satellite_0_40k",0.2981656,232,-1.1373245208,45.6604031503
"120","tno:coastal_migration_satellite_0_40k",0.08788972,233,-1.1338813791,45.6583872672
"121","tno:coastal_migration_satellite_0_40k",-15.44484109,236,-1.2410639463,45.8068879254
"122","tno:coastal_migration_satellite_0_40k",-19.68955613,237,-1.2381211326,45.8045225162
"123","tno:coastal_migration_satellite_0_40k",-17.84391165,238,-1.2343913301,45.8028060413
"124","tno:coastal_migration_satellite_0_40k",-7.44333623,239,-1.2300876035,45.8020493929
"125","tno:coastal_migration_satellite_0_40k",0.94901533,240,-1.2272583621,45.8041731961
"126","tno:coastal_migration_satellite_0_40k",-1.40686323,241,-1.2250568991,45.8068796876
"127","tno:coastal_migration_satellite_0_40k",30.88763354,1448,-1.1237424829,45.8611497604
"128","tno:coastal_migration_satellite_0_40k",-14.25774856,1449,-1.1281545057,45.8606572544
"129","tno:coastal_migration_satellite_0_40k",-11.5786181,1450,-1.1326272112,45.8603864616
"130","tno:coastal_migration_satellite_0_40k",-3.13104181,1451,-1.1371178426,45.8603222992
"131","tno:coastal_migration_satellite_0_40k",0.93631785,1452,-1.141608474,45.8602581369
"132","tno:coastal_migration_satellite_0_40k",-0.10616357,1453,-1.1460640807,45.8599412958
"133","tno:coastal_migration_satellite_0_40k",0.04663066,1454,-1.1503616384,45.8592121454
"134","tno:coastal_migration_satellite_0_40k",-24.08279687,1455,-1.1521225962,45.856532662
"135","tno:coastal_migration_satellite_0_40k",0.93244606,1456,-1.1549480381,45.8541293779
"136","tno:coastal_migration_satellite_0_40k",-0.46208396,1457,-1.1584088229,45.8521352428
"137","tno:coastal_migration_satellite_0_40k",1.37243824,1458,-1.1618696077,45.8501410361
"138","tno:coastal_migration_satellite_0_40k",-2.47294966,1459,-1.164093903,45.8475016884
"139","tno:coastal_migration_satellite_0_40k",-0.60670243,1460,-1.1629398271,45.844601169
"140","tno:coastal_migration_satellite_0_40k",12.92562252,1461,-1.1603137599,45.8420864542
"141","tno:coastal_migration_satellite_0_40k",7.53052533,1462,-1.1571747342,45.8398483914
"142","tno:coastal_migration_satellite_0_40k",-5.18391432,1463,-1.1545041138,45.8373362408
"143","tno:coastal_migration_satellite_0_40k",-5.07184455,1464,-1.1524198605,45.8345762058
"144","tno:coastal_migration_satellite_0_40k",-2.33449451,1465,-1.1505241805,45.8317390845
"145","tno:coastal_migration_satellite_0_40k",-2.61081061,1466,-1.1485256468,45.8289399347
"146","tno:coastal_migration_satellite_0_40k",-3.44014473,1467,-1.1462065429,45.8262595767
"147","tno:coastal_migration_satellite_0_40k",-6.26970353,1468,-1.1438874391,45.8235790897
"148","tno:coastal_migration_satellite_0_40k",-22.42509668,1469,-1.1419918394,45.8207596384
"149","tno:coastal_migration_satellite_0_40k",-11.23808634,1470,-1.1405060989,45.8178055665
"150","tno:coastal_migration_satellite_0_40k",-1.93281653,1471,-1.1390203584,45.8148513378
"151","tno:coastal_migration_satellite_0_40k",0.01395277,1472,-1.3913298397,46.0050457533
"152","tno:coastal_migration_satellite_0_40k",-0.56970138,1473,-1.389826305,46.0021098177
"153","tno:coastal_migration_satellite_0_40k",-1.22690695,1474,-1.3884993918,45.9991290008
"154","tno:coastal_migration_satellite_0_40k",-0.17813917,1475,-1.3878476853,45.99606847
"155","tno:coastal_migration_satellite_0_40k",-1.06466604,1476,-1.3877744966,45.9929548371
"156","tno:coastal_migration_satellite_0_40k",-1.78588215,1477,-1.3886175391,45.9898897029
"157","tno:coastal_migration_satellite_0_40k",-1.93055133,1478,-1.3894605816,45.986824399
"158","tno:coastal_migration_satellite_0_40k",-3.1147521,1479,-1.3903036241,45.9837589254
"159","tno:coastal_migration_satellite_0_40k",-2.88256873,1480,-1.3907385628,45.9806607033
"160","tno:coastal_migration_satellite_0_40k",-3.61036967,1481,-1.3909182817,45.9775419134
"161","tno:coastal_migration_satellite_0_40k",-0.86582321,1482,-1.3906805587,45.9744278725
"162","tno:coastal_migration_satellite_0_40k",-2.09882153,1483,-1.3903485812,45.9713147701
"163","tno:coastal_migration_satellite_0_40k",-8.07596208,1484,-1.3895767635,45.9682402166
"164","tno:coastal_migration_satellite_0_40k",-1.39062271,1485,-1.388763423,45.9651704429
"165","tno:coastal_migration_satellite_0_40k",-1.14512436,1486,-1.3875301115,45.9621682891
"166","tno:coastal_migration_satellite_0_40k",-1.97898438,1487,-1.3862431102,45.9591786826
"167","tno:coastal_migration_satellite_0_40k",-3.38795842,1488,-1.3845798977,45.9562781547
"168","tno:coastal_migration_satellite_0_40k",-0.40840033,1489,-1.3828111053,45.9534115202
"169","tno:coastal_migration_satellite_0_40k",-1.45929004,1490,-1.3806976756,45.9506560013
"170","tno:coastal_migration_satellite_0_40k",-2.77079186,1491,-1.3783953495,45.947981309
"171","tno:coastal_migration_satellite_0_40k",-2.44592131,1492,-1.3758025336,45.9454311011
"172","tno:coastal_migration_satellite_0_40k",-0.67248997,1493,-1.372983063,45.9430046606
"173","tno:coastal_migration_satellite_0_40k",-1.87487486,1494,-1.370030786,45.9406507613
"174","tno:coastal_migration_satellite_0_40k",-2.39815197,1495,-1.3670785091,45.9382967621
"175","tno:coastal_migration_satellite_0_40k",-3.51671176,1496,-1.3641262321,45.9359426629
"176","tno:coastal_migration_satellite_0_40k",-1.11998885,1497,-1.3610674968,45.9336570162
"177","tno:coastal_migration_satellite_0_40k",-2.0899674,1498,-1.3579184513,45.9314294705
"178","tno:coastal_migration_satellite_0_40k",-2.96669522,1499,-1.3547694058,45.9292018353
"179","tno:coastal_migration_satellite_0_40k",-1.9252432,1500,-1.3516203603,45.9269741106
"180","tno:coastal_migration_satellite_0_40k",-2.13349538,1501,-1.3483194238,45.9248577668
"181","tno:coastal_migration_satellite_0_40k",-0.37072786,1502,-1.3449520342,45.9227901486
"182","tno:coastal_migration_satellite_0_40k",-4.10207786,1503,-1.3415846445,45.9207224534
"183","tno:coastal_migration_satellite_0_40k",-0.15962495,1504,-1.3381126111,45.918744403
"184","tno:coastal_migration_satellite_0_40k",-1.88392908,1505,-1.3344802952,45.9169083367
"185","tno:coastal_migration_satellite_0_40k",-0.2023783,1506,-1.3306795505,45.9152431872
"186","tno:coastal_migration_satellite_0_40k",-0.50944935,1507,-1.3268788058,45.9135779878
"187","tno:coastal_migration_satellite_0_40k",-3.69836534,1508,-1.323078061,45.9119127383
"188","tno:coastal_migration_satellite_0_40k",-1.49586899,1509,-1.3194731588,45.9100545733
"189","tno:coastal_migration_satellite_0_40k",-1.58814711,1510,-1.3159470399,45.9081187082
"190","tno:coastal_migration_satellite_0_40k",-4.11008621,1511,-1.312420921,45.9061827755
"191","tno:coastal_migration_satellite_0_40k",-2.27979488,1512,-1.3088948021,45.9042467754
"192","tno:coastal_migration_satellite_0_40k",-2.80705386,1513,-1.3053686832,45.9023107077
"193","tno:coastal_migration_satellite_0_40k",-2.3671846,1514,-1.3016469269,45.9005741556
"194","tno:coastal_migration_satellite_0_40k",0.85586802,1515,-1.2975720416,45.899276773
"195","tno:coastal_migration_satellite_0_40k",-2.42875096,1516,-1.2937249605,45.897739992
"196","tno:coastal_migration_satellite_0_40k",-2.41289251,1517,-1.2903521321,45.8956807393
"197","tno:coastal_migration_satellite_0_40k",-1.29580155,1518,-1.2873092327,45.8933813638
"198","tno:coastal_migration_satellite_0_40k",-2.27821572,1519,-1.2842663333,45.8910818931
"199","tno:coastal_migration_satellite_0_40k",-2.44051832,1520,-1.2812234339,45.8887823272
"200","tno:coastal_migration_satellite_0_40k",-5.83559004,1521,-1.2783268552,45.8863970129
"201","tno:coastal_migration_satellite_0_40k",-0.02940295,1522,-1.2755925843,45.8839165147
"202","tno:coastal_migration_satellite_0_40k",-0.63238384,1523,-1.2728583134,45.8814359058
"203","tno:coastal_migration_satellite_0_40k",-5.2318839,1524,-1.2701240424,45.878955186
"204","tno:coastal_migration_satellite_0_40k",-7.15722327,1525,-1.267480986,45.8764294121
"205","tno:coastal_migration_satellite_0_40k",-8.3236849,1526,-1.2650276784,45.8738099473
"206","tno:coastal_migration_satellite_0_40k",-8.95234504,1527,-1.2627368322,45.8711236064
"207","tno:coastal_migration_satellite_0_40k",-7.20033242,1528,-1.2606278286,45.8683623578
"208","tno:coastal_migration_satellite_0_40k",-8.37223929,1529,-1.2591861317,45.8654013087
"209","tno:coastal_migration_satellite_0_40k",-10.99279931,1530,-1.2577602877,45.8624353151
"210","tno:coastal_migration_satellite_0_40k",-11.44322874,1531,-1.2565743078,45.8594230038
"211","tno:coastal_migration_satellite_0_40k",-12.54304604,1532,-1.2556100045,45.8563678305
"212","tno:coastal_migration_satellite_0_40k",-14.12772595,1533,-1.2546457012,45.8533124893
"213","tno:coastal_migration_satellite_0_40k",-13.90520189,1534,-1.2536813979,45.8502569803
"214","tno:coastal_migration_satellite_0_40k",-12.55831899,1535,-1.2527930938,45.8471914823
"215","tno:coastal_migration_satellite_0_40k",-12.82915522,1536,-1.2521183866,45.8440981802
"216","tno:coastal_migration_satellite_0_40k",-12.49028764,1537,-1.2514436794,45.8410047061
"217","tno:coastal_migration_satellite_0_40k",-11.89744032,1538,-1.2507689722,45.83791106
"218","tno:coastal_migration_satellite_0_40k",-10.49200345,1539,-1.250094265,45.8348172419
"219","tno:coastal_migration_satellite_0_40k",-11.18941354,1540,-1.2494195578,45.8317232517
"220","tno:coastal_migration_satellite_0_40k",-10.33595947,1541,-1.2487448506,45.8286290896
"221","tno:coastal_migration_satellite_0_40k",-9.15162996,1542,-1.2480701435,45.8255347554
"222","tno:coastal_migration_satellite_0_40k",-9.88717177,1543,-1.2473954363,45.8224402493
"223","tno:coastal_migration_satellite_0_40k",-10.4561062,1544,-1.2465347332,45.8193698777
"224","tno:coastal_migration_satellite_0_40k",-11.52902975,1545,-1.2455542294,45.8163150083
"225","tno:coastal_migration_satellite_0_40k",-11.82717738,1546,-1.2445737257,45.8132599712
"226","tno:coastal_migration_satellite_0_40k",-0.943856,1547,-1.2207773735,45.8107751983
"227","tno:coastal_migration_satellite_0_40k",0.73263505,1548,-1.2179396904,45.8132019535
"228","tno:coastal_migration_satellite_0_40k",-0.19538561,1549,-1.2151020073,45.815628603
"229","tno:coastal_migration_satellite_0_40k",0.37937612,1550,-1.2122643241,45.8180551467
"230","tno:coastal_migration_satellite_0_40k",-0.66645465,1551,-1.209426641,45.8204815847
"231","tno:coastal_migration_satellite_0_40k",-0.01954051,1552,-1.2065889579,45.8229079169
"232","tno:coastal_migration_satellite_0_40k",-0.22074876,1553,-1.2038077328,45.8253634901
"233","tno:coastal_migration_satellite_0_40k",-12.35630969,1554,-1.2014065538,45.8280007761
"234","tno:coastal_migration_satellite_0_40k",-0.37024019,1555,-1.1999634643,45.8309400952
"235","tno:coastal_migration_satellite_0_40k",-0.25839778,1556,-1.1999233602,45.8340502513
"236","tno:coastal_migration_satellite_0_40k",-0.93986222,1557,-1.2009789006,45.837090041
"237","tno:coastal_migration_satellite_0_40k",-0.43923482,1558,-1.2020645956,45.8401264492
"238","tno:coastal_migration_satellite_0_40k",-1.54491932,1559,-1.2031502907,45.8431626917
"239","tno:coastal_migration_satellite_0_40k",-0.39586011,1560,-1.2042359857,45.8461987685
"240","tno:coastal_migration_satellite_0_40k",-0.75726824,1561,-1.2048244417,45.8492990716
"241","tno:coastal_migration_satellite_0_40k",-4.55749187,1562,-1.2047800683,45.852406103
"242","tno:coastal_migration_satellite_0_40k",-1.2793078,1563,-1.2035605986,45.8554169354
"243","tno:coastal_migration_satellite_0_40k",3.83956892,1564,-1.2018762504,45.8583150583
"244","tno:coastal_migration_satellite_0_40k",1.00984443,1565,-1.200151911,45.8612033769
"245","tno:coastal_migration_satellite_0_40k",0.27717689,1566,-1.1984275715,45.8640915454
"246","tno:coastal_migration_satellite_0_40k",-1.92329232,1567,-1.1968227249,45.8670099459
"247","tno:coastal_migration_satellite_0_40k",-2.43227035,1568,-1.1954707052,45.8699924107
"248","tno:coastal_migration_satellite_0_40k",-0.54737213,1569,-1.1941186854,45.8729747155
"249","tno:coastal_migration_satellite_0_40k",-0.29120168,1570,-1.1933244855,45.8760500509
"250","tno:coastal_migration_satellite_0_40k",-2.93231879,1571,-1.1925860749,45.8791345114
"251","tno:coastal_migration_satellite_0_40k",-3.4643547,1572,-1.1926581802,45.8822538019
"252","tno:coastal_migration_satellite_0_40k",-0.52024158,1573,-1.1929356108,45.8853670596
"253","tno:coastal_migration_satellite_0_40k",0.24072784,1574,-1.1942186596,45.8883632702
"254","tno:coastal_migration_satellite_0_40k",-0.80586109,1575,-1.1958349678,45.891259506
"255","tno:coastal_migration_satellite_0_40k",-2.19857151,1576,-1.1980768711,45.8939684004
"256","tno:coastal_migration_satellite_0_40k",-11.36790669,1577,-1.2006230797,45.8965295061
"257","tno:coastal_migration_satellite_0_40k",-11.41298825,1578,-1.2034985168,45.8989308685
"258","tno:coastal_migration_satellite_0_40k",0.08791596,1579,-1.2064863589,45.9012596124
"259","tno:coastal_migration_satellite_0_40k",14.98338178,1580,-1.2097079757,45.9034375655
"260","tno:coastal_migration_satellite_0_40k",-2.06362033,1581,-1.2129295924,45.9056154331
"261","tno:coastal_migration_satellite_0_40k",-18.00876058,1582,-1.2161512092,45.9077932153
"262","tno:coastal_migration_satellite_0_40k",-9.91903046,1583,-1.2192239549,45.9100665189
"263","tno:coastal_migration_satellite_0_40k",15.9596686,1584,-1.2220238527,45.9125068183
"264","tno:coastal_migration_satellite_0_40k",-1.88128278,1585,-1.2244617431,45.9151314214
"265","tno:coastal_migration_satellite_0_40k",7.39645426,1586,-1.2264265347,45.9179398007
"266","tno:coastal_migration_satellite_0_40k",-7.84232989,1587,-1.2279203216,45.9208813563
"267","tno:coastal_migration_satellite_0_40k",-10.70878048,1588,-1.2289014445,45.9239233761
"268","tno:coastal_migration_satellite_0_40k",-2.1448797,1589,-1.2293672625,45.9270238753
"269","tno:coastal_migration_satellite_0_40k",-11.35967137,1590,-1.229335328,45.9301418408
"270","tno:coastal_migration_satellite_0_40k",2.51768067,1591,-1.2289151287,45.9332521008
"271","tno:coastal_migration_satellite_0_40k",-0.89415448,1592,-1.2284949293,45.9363621863
"272","tno:coastal_migration_satellite_0_40k",1.05587565,1593,-1.2287094864,45.9394696274
"273","tno:coastal_migration_satellite_0_40k",-0.91449886,1594,-1.2298414372,45.9424636847
"274","tno:coastal_migration_satellite_0_40k",0.38079815,1595,-1.231725722,45.9452881763
"275","tno:coastal_migration_satellite_0_40k",-1.30689193,1596,-1.2340173984,45.9479742026
"276","tno:coastal_migration_satellite_0_40k",-0.26082476,1597,-1.2363090747,45.9506600987
"277","tno:coastal_migration_satellite_0_40k",-1.78950756,1598,-1.238600751,45.9533458647
"278","tno:coastal_migration_satellite_0_40k",-0.53113241,1599,-1.2398085559,45.956345853
"279","tno:coastal_migration_satellite_0_40k",-16.36175661,1600,-1.2397729811,45.9593999448
"280","tno:coastal_migration_satellite_0_40k",0.80792825,1601,-1.2389911582,45.9624745937
"281","tno:coastal_migration_satellite_0_40k",-4.41098333,1602,-1.2384533775,45.9655706474
"282","tno:coastal_migration_satellite_0_40k",-8.32370124,1603,-1.2381035391,45.9686831277
"283","tno:coastal_migration_satellite_0_40k",-1.09974538,1604,-1.2377537007,45.9717954331
"284","tno:coastal_migration_satellite_0_40k",-0.77450553,1605,-1.2376533784,45.974914577
"285","tno:coastal_migration_satellite_0_40k",9.60177187,1606,-1.2376405637,45.9780360018
"286","tno:coastal_migration_satellite_0_40k",4.11870256,1607,-1.237627749,45.9811572506
"287","tno:coastal_migration_satellite_0_40k",2.26259247,1608,-1.2383183371,45.9842385646
"288","tno:coastal_migration_satellite_0_40k",0.69872471,1609,-1.2404322475,45.9868615878
"289","tno:coastal_migration_satellite_0_40k",-1.58376622,1610,-1.2441247187,45.9886049773
"290","tno:coastal_migration_satellite_0_40k",-2.39141484,1611,-1.2482284233,45.9898547277
"291","tno:coastal_migration_satellite_0_40k",-2.51850889,1612,-1.252589329,45.9905553867
"292","tno:coastal_migration_satellite_0_40k",-2.4444918,1613,-1.2570798444,45.9904875626
"293","tno:coastal_migration_satellite_0_40k",-3.20713501,1614,-1.2615604819,45.990345686
"294","tno:coastal_migration_satellite_0_40k",-3.39910144,1615,-1.2659924717,45.989839054
"295","tno:coastal_migration_satellite_0_40k",-3.01479883,1616,-1.2704244615,45.9893324173
"296","tno:coastal_migration_satellite_0_40k",-3.35242519,1617,-1.2748564513,45.988825776
"297","tno:coastal_migration_satellite_0_40k",-2.45639798,1618,-1.2793078783,45.9884405399
"298","tno:coastal_migration_satellite_0_40k",-1.85033177,1619,-1.2837917776,45.9882581549
"299","tno:coastal_migration_satellite_0_40k",-3.10568407,1620,-1.2882706852,45.988379775
"300","tno:coastal_migration_satellite_0_40k",-1.51638645,1621,-1.2927255381,45.9887233038
"301","tno:coastal_migration_satellite_0_40k",-1.73746439,1622,-1.2970739168,45.9895050211
"302","tno:coastal_migration_satellite_0_40k",-1.47479047,1623,-1.3012406051,45.9906429345
"303","tno:coastal_migration_satellite_0_40k",-0.90731051,1624,-1.3052755095,45.9920034245
"304","tno:coastal_migration_satellite_0_40k",-1.12655046,1625,-1.3090426548,45.9937027725
"305","tno:coastal_migration_satellite_0_40k",0.70731198,1626,-1.3126730586,45.9955321159
"306","tno:coastal_migration_satellite_0_40k",-1.81764166,1627,-1.3161481096,45.9975090626
"307","tno:coastal_migration_satellite_0_40k",-2.01419427,1628,-1.3195049747,45.9995788417
"308","tno:coastal_migration_satellite_0_40k",-0.13875412,1629,-1.3227556685,46.0017319489
"309","tno:coastal_migration_satellite_0_40k",-0.94351744,1630,-1.3260063622,46.0038849723
"310","tno:coastal_migration_satellite_0_40k",0.08610256,2326,-1.4974729673,46.3912825779
"311","tno:coastal_migration_satellite_0_40k",2.23822332,2327,-1.4947210375,46.3888341145
"312","tno:coastal_migration_satellite_0_40k",-0.08734096,2328,-1.492513051,46.3861420023
"313","tno:coastal_migration_satellite_0_40k",-0.90484767,2329,-1.4903904999,46.3834114416
"314","tno:coastal_migration_satellite_0_40k",-0.53998134,2330,-1.4882679487,46.3806807444
"315","tno:coastal_migration_satellite_0_40k",-1.68042508,2331,-1.4863672422,46.3778794574
"316","tno:coastal_migration_satellite_0_40k",-0.21832963,2332,-1.4847389597,46.3749914339
"317","tno:coastal_migration_satellite_0_40k",0.10488377,2333,-1.4831106772,46.3721032576
"318","tno:coastal_migration_satellite_0_40k",-0.27673423,2334,-1.4814823947,46.3692149287
"319","tno:coastal_migration_satellite_0_40k",2.49904293,2335,-1.4800247594,46.3662862832
"320","tno:coastal_migration_satellite_0_40k",1.20521597,2336,-1.4787545055,46.363313338
"321","tno:coastal_migration_satellite_0_40k",1.93225529,2337,-1.4774842515,46.360340231
"322","tno:coastal_migration_satellite_0_40k",1.01101702,2338,-1.4762139975,46.3573669622
"323","tno:coastal_migration_satellite_0_40k",0.09265431,2339,-1.4749437435,46.3543935317
"324","tno:coastal_migration_satellite_0_40k",0.2864931,2340,-1.4736734896,46.3514199393
"325","tno:coastal_migration_satellite_0_40k",2.80711088,2341,-1.4720964789,46.3485235388
"326","tno:coastal_migration_satellite_0_40k",1.8052684,2342,-1.4698934703,46.3458393001
"327","tno:coastal_migration_satellite_0_40k",-0.25374038,2343,-1.466753554,46.3436628278
"328","tno:coastal_migration_satellite_0_40k",-2.60644487,2344,-1.4627382309,46.3423280099
"329","tno:coastal_migration_satellite_0_40k",-0.38261137,2345,-1.458330382,46.3417756311
"330","tno:coastal_migration_satellite_0_40k",-0.59467814,2346,-1.4538466265,46.341693289
"331","tno:coastal_migration_satellite_0_40k",-0.56461825,2347,-1.4493646338,46.3418429673
"332","tno:coastal_migration_satellite_0_40k",1.65066711,2348,-1.4448891822,46.3421054753
"333","tno:coastal_migration_satellite_0_40k",0.95813588,2349,-1.4404137306,46.342367982
"334","tno:coastal_migration_satellite_0_40k",-1.97280247,2350,-1.435938279,46.3426304875
"335","tno:coastal_migration_satellite_0_40k",-1.92914562,2351,-1.4314545622,46.3428040857
"336","tno:coastal_migration_satellite_0_40k",1.53334085,2352,-1.4269672195,46.3429386825
"337","tno:coastal_migration_satellite_0_40k",-0.65885649,2353,-1.4224798767,46.343073279
"338","tno:coastal_migration_satellite_0_40k",-0.54691326,2354,-1.4179905794,46.3430586031
"339","tno:coastal_migration_satellite_0_40k",-0.7381107,2355,-1.4135004453,46.3429800291
"340","tno:coastal_migration_satellite_0_40k",0.45474552,2356,-1.4090103113,46.3429014549
"341","tno:coastal_migration_satellite_0_40k",-0.08583965,2357,-1.526949576,46.2506763509
"342","tno:coastal_migration_satellite_0_40k",-4.18809851,2358,-1.5307786121,46.2490527277
"343","tno:coastal_migration_satellite_0_40k",-1.95708562,2359,-1.5346076483,46.2474290564
"344","tno:coastal_migration_satellite_0_40k",-2.43521897,2360,-1.5386399744,46.2460680757
"345","tno:coastal_migration_satellite_0_40k",-2.6115867,2361,-1.5427180179,46.244766191
"346","tno:coastal_migration_satellite_0_40k",-3.5659655,2362,-1.5469811755,46.2438162537
"347","tno:coastal_migration_satellite_0_40k",-1.84845588,2363,-1.5514094073,46.2433318983
"348","tno:coastal_migration_satellite_0_40k",-3.21081616,2364,-1.555867219,46.2429517239
"349","tno:coastal_migration_satellite_0_40k",2.33997314,2365,-1.559704076,46.2417787422
"350","tno:coastal_migration_satellite_0_40k",-0.37732571,2366,-1.5596641318,46.2387669356
"351","tno:coastal_migration_satellite_0_40k",-1.9932639,2367,-1.5584258285,46.2357806293
"352","tno:coastal_migration_satellite_0_40k",-4.48724474,2368,-1.5564430813,46.2329956477
"353","tno:coastal_migration_satellite_0_40k",-0.00784919,2369,-1.5540635394,46.2303604717
"354","tno:coastal_migration_satellite_0_40k",-0.38532275,2370,-1.5516839974,46.2277251692
"355","tno:coastal_migration_satellite_0_40k",0.13462692,2371,-1.5493044555,46.2250897402
"356","tno:coastal_migration_satellite_0_40k",-1.1725664,2372,-1.5469249135,46.2224541846
"357","tno:coastal_migration_satellite_0_40k",0.02794148,2373,-1.544631863,46.2197851512
"358","tno:coastal_migration_satellite_0_40k",-0.7519316,2374,-1.5426406656,46.2169994542
"359","tno:coastal_migration_satellite_0_40k",0.29237549,2375,-1.5409428826,46.2141244873
"360","tno:coastal_migration_satellite_0_40k",-1.9116111,2376,-1.5393261431,46.2112247204
"361","tno:coastal_migration_satellite_0_40k",-1.04598915,2377,-1.5372393393,46.2084763983
"362","tno:coastal_migration_satellite_0_40k",-2.43409611,2378,-1.5344641515,46.2060715405
"363","tno:coastal_migration_satellite_0_40k",1.25395951,2379,-1.5311126946,46.2040177026
"364","tno:coastal_migration_satellite_0_40k",-1.75883109,2380,-1.5272602297,46.2024300742
"365","tno:coastal_migration_satellite_0_40k",-0.43402765,2381,-1.4789634431,46.2013484891
"366","tno:coastal_migration_satellite_0_40k",1.22352797,2382,-1.4745429694,46.2018668371
"367","tno:coastal_migration_satellite_0_40k",-1.31771709,2383,-1.4700722649,46.2020277226
"368","tno:coastal_migration_satellite_0_40k",-3.67252227,2384,-1.4656901509,46.2014133872
"369","tno:coastal_migration_satellite_0_40k",-0.49973688,2385,-1.4089984689,46.2035655218
"370","tno:coastal_migration_satellite_0_40k",-4.23174102,2386,-1.4133943814,46.2042036807
"371","tno:coastal_migration_satellite_0_40k",-5.29734539,2387,-1.4177902939,46.2048418345
"372","tno:coastal_migration_satellite_0_40k",-15.94623515,2388,-1.421989979,46.205943456
"373","tno:coastal_migration_satellite_0_40k",-23.33479451,2389,-1.4260163907,46.2073025625
"374","tno:coastal_migration_satellite_0_40k",-7.5143543,2390,-1.4297253995,46.2090308751
"375","tno:coastal_migration_satellite_0_40k",-9.91272572,2391,-1.4327026994,46.2113130318
"376","tno:coastal_migration_satellite_0_40k",-9.00473788,2392,-1.4333923721,46.2142153305
"377","tno:coastal_migration_satellite_0_40k",-2.5607335,2393,-1.4301660818,46.216243372
"378","tno:coastal_migration_satellite_0_40k",0.13404117,2394,-1.4261533166,46.2176396264
"379","tno:coastal_migration_satellite_0_40k",-0.15279402,2395,-1.4226146339,46.2195363516
"380","tno:coastal_migration_satellite_0_40k",0.79554177,2396,-1.4195825264,46.2218290403
"381","tno:coastal_migration_satellite_0_40k",0.19916453,2397,-1.4167638769,46.2242325377
"382","tno:coastal_migration_satellite_0_40k",0.06144722,2398,-1.4144290496,46.2268870798
"383","tno:coastal_migration_satellite_0_40k",-2.23950571,2399,-1.4137893315,46.2297694676
"384","tno:coastal_migration_satellite_0_40k",-6.71259001,2400,-1.4180350151,46.2303499481
"385","tno:coastal_migration_satellite_0_40k",-4.78306738,2401,-1.4225039963,46.2301868388
"386","tno:coastal_migration_satellite_0_40k",-3.2061339,2402,-1.4269707148,46.2298603993
"387","tno:coastal_migration_satellite_0_40k",-1.78468045,2403,-1.4314485053,46.22963991
"388","tno:coastal_migration_satellite_0_40k",-5.26974284,2404,-1.4359366547,46.229518557
"389","tno:coastal_migration_satellite_0_40k",-3.31765525,2405,-1.4404248041,46.2293972038
"390","tno:coastal_migration_satellite_0_40k",-2.17868156,2406,-1.4449013411,46.2291994937
"391","tno:coastal_migration_satellite_0_40k",-0.76716058,2407,-1.4493277524,46.2286721326
"392","tno:coastal_migration_satellite_0_40k",-3.59348315,2408,-1.453514718,46.2276078409
"393","tno:coastal_migration_satellite_0_40k",-3.74736171,2409,-1.4571474423,46.2257804266
"394","tno:coastal_migration_satellite_0_40k",0.86106135,2410,-1.4606662206,46.223858411
"395","tno:coastal_migration_satellite_0_40k",-0.6543534,2411,-1.4639190822,46.2217155383
"396","tno:coastal_migration_satellite_0_40k",-7.14498949,2412,-1.4671719438,46.219572582
"397","tno:coastal_migration_satellite_0_40k",-3.56583777,2413,-1.4704248054,46.217429542
"398","tno:coastal_migration_satellite_0_40k",-4.13404083,2414,-1.473677667,46.2152864184
"399","tno:coastal_migration_satellite_0_40k",-2.43921341,2415,-1.4771090755,46.2132817638
"400","tno:coastal_migration_satellite_0_40k",-1.18080785,2416,-1.4805577638,46.2112904709
"401","tno:coastal_migration_satellite_0_40k",-3.77112285,2417,-1.4842437871,46.2095375896
"402","tno:coastal_migration_satellite_0_40k",1.33607794,2418,-1.4884908418,46.2087433287
"403","tno:coastal_migration_satellite_0_40k",-15.8381555,2419,-1.4924818087,46.2100099823
"404","tno:coastal_migration_satellite_0_40k",-51.19822511,2420,-1.4956953515,46.2121815283
"405","tno:coastal_migration_satellite_0_40k",-5.8123447,2421,-1.4991281472,46.2141656032
"406","tno:coastal_migration_satellite_0_40k",2.50276663,2422,-1.5028653647,46.2158895912
"407","tno:coastal_migration_satellite_0_40k",-0.58761096,2423,-1.5066025822,46.2176135251
"408","tno:coastal_migration_satellite_0_40k",-0.18347215,2424,-1.5099812752,46.2196364953
"409","tno:coastal_migration_satellite_0_40k",0.32992894,2425,-1.5127779616,46.2220615818
"410","tno:coastal_migration_satellite_0_40k",1.80877687,2426,-1.5149027195,46.224792881
"411","tno:coastal_migration_satellite_0_40k",2.70105968,2427,-1.5167993687,46.2275995348
"412","tno:coastal_migration_satellite_0_40k",-3.12601979,2428,-1.5105028121,46.2300942895
"413","tno:coastal_migration_satellite_0_40k",-1.09340554,2429,-1.5072669146,46.2279419005
"414","tno:coastal_migration_satellite_0_40k",-4.05530762,2430,-1.5037418205,46.2260907864
"415","tno:coastal_migration_satellite_0_40k",-19.68949336,2431,-1.5001702966,46.2268942129
"416","tno:coastal_migration_satellite_0_40k",-31.93828663,2432,-1.4986299555,46.2298129927
"417","tno:coastal_migration_satellite_0_40k",-0.5819472,2433,-1.4961726034,46.232127793
"418","tno:coastal_migration_satellite_0_40k",-10.3635008,2434,-1.4919806137,46.2311125879
"419","tno:coastal_migration_satellite_0_40k",-1.86498944,2435,-1.487909542,46.2297999512
"420","tno:coastal_migration_satellite_0_40k",-1.74833165,2436,-1.4835930745,46.2294523672
"421","tno:coastal_migration_satellite_0_40k",0.76293605,2437,-1.4799880024,46.2310193859
"422","tno:coastal_migration_satellite_0_40k",-0.27459984,2438,-1.4785610066,46.2339017693
"423","tno:coastal_migration_satellite_0_40k",-2.79430432,2439,-1.4786890525,46.2369835931
"424","tno:coastal_migration_satellite_0_40k",-0.66517119,2440,-1.4796516285,46.2399967439
"425","tno:coastal_migration_satellite_0_40k",1.05898855,2441,-1.4811205722,46.2429275518
"426","tno:coastal_migration_satellite_0_40k",0.61843677,2442,-1.483344411,46.2456264004
"427","tno:coastal_migration_satellite_0_40k",-0.29036796,2443,-1.4858542281,46.2481850731
"428","tno:coastal_migration_satellite_0_40k",0.39107497,2444,-1.4887953415,46.2505325924
"429","tno:coastal_migration_satellite_0_40k",0.84036218,2445,-1.4919907645,46.2527039307
"430","tno:coastal_migration_satellite_0_40k",1.32837854,2446,-1.4954880903,46.2546444141
"431","tno:coastal_migration_satellite_0_40k",0.62598269,2447,-1.4993259564,46.2562360355
"432","tno:coastal_migration_satellite_0_40k",0.26398672,2448,-1.5035821815,46.2571560991
"433","tno:coastal_migration_satellite_0_40k",-0.30347577,2449,-1.5080346619,46.2571742105
"434","tno:coastal_migration_satellite_0_40k",-0.79662396,2450,-1.5123598253,46.2564037124
"435","tno:coastal_migration_satellite_0_40k",-0.06524102,2451,-1.5164214341,46.2551064838
"436","tno:coastal_migration_satellite_0_40k",0.03455379,2452,-1.5202590226,46.2534926756
"437","tno:coastal_migration_satellite_0_40k",0.05164278,5560,-1.1191975251,45.7870566005
"438","tno:coastal_migration_satellite_0_40k",-0.64319303,5561,-1.1161170417,45.7847771497
"439","tno:coastal_migration_satellite_0_40k",0.89349161,5562,-1.1130365583,45.7824976056
"440","tno:coastal_migration_satellite_0_40k",-0.73994004,5563,-1.1099560749,45.7802179684
"441","tno:coastal_migration_satellite_0_40k",-1.39935373,5564,-1.1066710115,45.7780839175
"442","tno:coastal_migration_satellite_0_40k",1.22141314,5565,-1.1033383318,45.7759837281
"443","tno:coastal_migration_satellite_0_40k",-0.16177205,5566,-1.0997764802,45.7740767867
"444","tno:coastal_migration_satellite_0_40k",-0.89364907,5567,-1.0961922078,45.7721887282
"445","tno:coastal_migration_satellite_0_40k",-1.63570314,5568,-1.0925629341,45.7703479752
"446","tno:coastal_migration_satellite_0_40k",-3.56944465,5619,-1.0897257996,45.7548383333
"447","tno:coastal_migration_satellite_0_40k",-0.34790513,5620,-1.0933581512,45.7566795619
"448","tno:coastal_migration_satellite_0_40k",0.39779703,5621,-1.0967875403,45.7587033022
"449","tno:coastal_migration_satellite_0_40k",0.45912292,5622,-1.1002169295,45.7607269692
"450","tno:coastal_migration_satellite_0_40k",-0.71718209,5623,-1.1033751021,45.7629505085
"451","tno:coastal_migration_satellite_0_40k",-0.67882901,5624,-1.1062148914,45.7653695613
"452","tno:coastal_migration_satellite_0_40k",-0.25384493,5625,-1.1088463597,45.7679087645
"453","tno:coastal_migration_satellite_0_40k",-1.08893286,5626,-1.1115182405,45.7704263062
"454","tno:coastal_migration_satellite_0_40k",1.43012952,5627,-1.1143371826,45.7728654147
"455","tno:coastal_migration_satellite_0_40k",0.72977262,5628,-1.1171561247,45.7753044166
"456","tno:coastal_migration_satellite_0_40k",-0.84441527,5629,-1.1200395415,45.7777057434
"457","tno:coastal_migration_satellite_0_40k",3.70352909,6549,-1.5205016775,46.1999750893
"458","tno:coastal_migration_satellite_0_40k",-0.38674066,6550,-1.5165245473,46.1985303803
"459","tno:coastal_migration_satellite_0_40k",-0.58400534,6551,-1.5123842602,46.1973310138
"460","tno:coastal_migration_satellite_0_40k",0.30796131,6552,-1.5082118965,46.196179897
"461","tno:coastal_migration_satellite_0_40k",0.1973898,6553,-1.5038817279,46.1953892492
"462","tno:coastal_migration_satellite_0_40k",0.10920273,6554,-1.4994257779,46.1955018568
"463","tno:coastal_migration_satellite_0_40k",-0.1287357,6555,-1.4952321666,46.1965726907
"464","tno:coastal_migration_satellite_0_40k",0.07959479,6556,-1.4914260077,46.19822327
"465","tno:coastal_migration_satellite_0_40k",-0.22674769,6557,-1.4547727816,46.1988469183
"466","tno:coastal_migration_satellite_0_40k",-0.2536456,6558,-1.4507291715,46.1974934764
"467","tno:coastal_migration_satellite_0_40k",-0.31143557,6559,-1.4466855614,46.1961400012
"468","tno:coastal_migration_satellite_0_40k",1.30553521,6560,-1.4426419513,46.1947864927
"469","tno:coastal_migration_satellite_0_40k",-0.33200171,6561,-1.4385983413,46.1934329508
"470","tno:coastal_migration_satellite_0_40k",-0.31158491,6562,-1.4346260871,46.191981732
"471","tno:coastal_migration_satellite_0_40k",-1.01442203,6563,-1.4306549659,46.1905289143
"472","tno:coastal_migration_satellite_0_40k",-0.72243521,6564,-1.4266838446,46.1890760582
"473","tno:coastal_migration_satellite_0_40k",-0.43962032,6565,-1.4227127234,46.1876231637
"474","tno:coastal_migration_satellite_0_40k",-0.34362743,6566,-1.4187416021,46.1861702308
"475","tno:coastal_migration_satellite_0_40k",-0.02444034,6567,-1.4147704809,46.1847172595
"476","tno:coastal_migration_satellite_0_40k",0.28655929,6568,-1.4107993596,46.1832642498
"477","tno:coastal_migration_satellite_0_40k",0.58770079,6569,-1.4068282384,46.1818112016
"478","tno:coastal_migration_satellite_0_40k",-4.03203074,6570,-1.4082917893,46.0429443504
"479","tno:coastal_migration_satellite_0_40k",-2.46581992,6571,-1.4087925886,46.0398624363
"480","tno:coastal_migration_satellite_0_40k",-2.28407711,6572,-1.4083366668,46.0367648693
"481","tno:coastal_migration_satellite_0_40k",-2.5893471,6573,-1.4071838625,46.0337523623
"482","tno:coastal_migration_satellite_0_40k",-1.54261885,6574,-1.40600739,46.0307429383
"483","tno:coastal_migration_satellite_0_40k",2.34269304,7364,-1.0909810228,45.993947787
"484","tno:coastal_migration_satellite_0_40k",-0.37183403,7365,-1.0953934664,45.9945309469
"485","tno:coastal_migration_satellite_0_40k",0.92549621,7366,-1.0993728584,45.9959415176
"486","tno:coastal_migration_satellite_0_40k",0.26913595,7367,-1.1032938639,45.9974635245
"487","tno:coastal_migration_satellite_0_40k",0.57517811,7368,-1.1075237738,45.9979223396
"488","tno:coastal_migration_satellite_0_40k",-1.6051761,7369,-1.1069626142,45.9950901074
"489","tno:coastal_migration_satellite_0_40k",-0.7949853,7370,-1.1043841129,45.9925469809
"490","tno:coastal_migration_satellite_0_40k",-0.79272055,7371,-1.1016891671,45.9900504995
"491","tno:coastal_migration_satellite_0_40k",-1.36374266,7372,-1.098712517,45.9877209035
"492","tno:coastal_migration_satellite_0_40k",0.3310618,7373,-1.0955875386,45.9854792107
"493","tno:coastal_migration_satellite_0_40k",-0.12923187,7374,-1.0924625602,45.9832374271
"494","tno:coastal_migration_satellite_0_40k",-0.93198194,7375,-1.0893443893,45.9809914759
"495","tno:coastal_migration_satellite_0_40k",-12.44682439,7465,-1.0913610351,45.9474895698
"496","tno:coastal_migration_satellite_0_40k",-0.44167322,7466,-1.0938218242,45.9451472071
"497","tno:coastal_migration_satellite_0_40k",1.16881204,7467,-1.0914712709,45.9425673891
"498","tno:coastal_migration_satellite_0_40k",3.14867503,7486,-1.090339187,45.890859121
"499","tno:coastal_migration_satellite_0_40k",-0.39451,7487,-1.093151329,45.8884213699
"500","tno:coastal_migration_satellite_0_40k",4.00070703,7488,-1.0959634711,45.8859835118
"501","tno:coastal_migration_satellite_0_40k",0.1099204,7489,-1.0987347025,45.8835259139
"502","tno:coastal_migration_satellite_0_40k",-1.26652807,7490,-1.1008623532,45.8807844273
"503","tno:coastal_migration_satellite_0_40k",1.95720602,7491,-1.1022982208,45.8778260713
"504","tno:coastal_migration_satellite_0_40k",38.20930728,7492,-1.1046192231,45.8751488656
"505","tno:coastal_migration_satellite_0_40k",22.65105033,7493,-1.1071386222,45.8725655642
"506","tno:coastal_migration_satellite_0_40k",-6.41463697,7494,-1.1098663807,45.8700809756
"507","tno:coastal_migration_satellite_0_40k",-3.76822207,7495,-1.1127046762,45.8676596773
"508","tno:coastal_migration_satellite_0_40k",-11.40758484,7496,-1.1156859209,45.8653203271
"509","tno:coastal_migration_satellite_0_40k",-3.0769601,7497,-1.1189454118,45.8631926721
"510","tno:coastal_migration_satellite_0_40k",-4.10943688,7498,-1.1209003725,45.9612323193
"511","tno:coastal_migration_satellite_0_40k",-0.59348864,7499,-1.1221130373,45.9582882216
"512","tno:coastal_migration_satellite_0_40k",-0.60827066,7500,-1.1208981003,45.9553111085
"513","tno:coastal_migration_satellite_0_40k",-2.52839193,7501,-1.1180504108,45.9529372576
"514","tno:coastal_migration_satellite_0_40k",0.31541497,7502,-1.1141554645,45.9514367812
"515","tno:coastal_migration_satellite_0_40k",0.60731795,7503,-1.1097018936,45.951254278
"516","tno:coastal_migration_satellite_0_40k",1.44149344,7504,-1.1053504948,45.95180998
"517","tno:coastal_migration_satellite_0_40k",9.90926833,7505,-1.1029314838,45.9540840473
"518","tno:coastal_migration_satellite_0_40k",1.86308392,7506,-1.1043118354,45.9570300796
"519","tno:coastal_migration_satellite_0_40k",1.89534783,7507,-1.1064523801,45.9597678305
"520","tno:coastal_migration_satellite_0_40k",-3.12333503,7508,-1.1093565117,45.9621441924
"521","tno:coastal_migration_satellite_0_40k",-3.97175084,7509,-1.1128845436,45.9639764662
"522","tno:coastal_migration_satellite_0_40k",-0.28343885,7510,-1.1172044598,45.9636633816
"523","tno:coastal_migration_satellite_0_40k",-0.69875053,7882,-1.3982294706,46.3427127973
"524","tno:coastal_migration_satellite_0_40k",-0.90759783,7883,-1.3937393365,46.3426342228
"525","tno:coastal_migration_satellite_0_40k",-0.9041551,7884,-1.3892492024,46.3425556481
"526","tno:coastal_migration_satellite_0_40k",-2.04018627,7885,-1.3847590684,46.3424770733
"527","tno:coastal_migration_satellite_0_40k",-1.31763049,7886,-1.3802689343,46.3423984984
"528","tno:coastal_migration_satellite_0_40k",-0.51455637,7887,-1.3757788003,46.3423199234
"529","tno:coastal_migration_satellite_0_40k",-0.27352173,7888,-1.3713024729,46.3420697184
"530","tno:coastal_migration_satellite_0_40k",-7.79357192,7889,-1.3668273464,46.3418045818
"531","tno:coastal_migration_satellite_0_40k",-7.04891544,7890,-1.3623522199,46.341539444
"532","tno:coastal_migration_satellite_0_40k",-5.19757027,7891,-1.3579258486,46.341037718
"533","tno:coastal_migration_satellite_0_40k",-2.17780044,7892,-1.3536774674,46.3400684797
"534","tno:coastal_migration_satellite_0_40k",-1.83234671,7893,-1.3495475711,46.3388612701
"535","tno:coastal_migration_satellite_0_40k",-2.54819171,7894,-1.3457451123,46.337210708
"536","tno:coastal_migration_satellite_0_40k",-1.43148688,7895,-1.3421509622,46.3353541891
"537","tno:coastal_migration_satellite_0_40k",-1.7369473,7896,-1.3387286123,46.3333504323
"538","tno:coastal_migration_satellite_0_40k",-2.11652172,7897,-1.3354834013,46.3312100368
"539","tno:coastal_migration_satellite_0_40k",-0.87957522,7898,-1.3325670135,46.3288512889
"540","tno:coastal_migration_satellite_0_40k",0.43724047,7899,-1.3296506257,46.3264924392
"541","tno:coastal_migration_satellite_0_40k",-0.45129893,7900,-1.3268725704,46.3240634
"542","tno:coastal_migration_satellite_0_40k",0.27506392,7901,-1.3244869038,46.3214352467
"543","tno:coastal_migration_satellite_0_40k",1.05363172,7902,-1.3221012373,46.3188069671
"544","tno:coastal_migration_satellite_0_40k",3.11027514,7903,-1.3198316366,46.316134159
"545","tno:coastal_migration_satellite_0_40k",2.88646677,7904,-1.3178685914,46.3133438214
"546","tno:coastal_migration_satellite_0_40k",3.1452441,7905,-1.3159055462,46.3105533415
"547","tno:coastal_migration_satellite_0_40k",3.92787386,7906,-1.3139167883,46.3077719477
"548","tno:coastal_migration_satellite_0_40k",3.79054667,7907,-1.3117341687,46.3050601292
"549","tno:coastal_migration_satellite_0_40k",1.73979539,7908,-1.3094228872,46.3024028505
"550","tno:coastal_migration_satellite_0_40k",-2.81863532,7909,-1.3069019057,46.2998346308
"551","tno:coastal_migration_satellite_0_40k",-1.03635431,7910,-1.3043809241,46.2972662907
"552","tno:coastal_migration_satellite_0_40k",3.05443795,7911,-1.3015822822,46.2948553315
"553","tno:coastal_migration_satellite_0_40k",4.18602569,7912,-1.2984258022,46.2926474002
"554","tno:coastal_migration_satellite_0_40k",4.14626501,7913,-1.2949108464,46.2907230302
"555","tno:coastal_migration_satellite_0_40k",-2.3177541,7914,-1.2912424845,46.288940984
"556","tno:coastal_migration_satellite_0_40k",-8.27344859,7915,-1.2873147708,46.2874353403
"557","tno:coastal_migration_satellite_0_40k",-4.10383074,7916,-1.2832030323,46.2862032154
"558","tno:coastal_migration_satellite_0_40k",-1.811432,7917,-1.2789611941,46.2852033943
"559","tno:coastal_migration_satellite_0_40k",-10.27533783,7918,-1.2745628627,46.2845741991
"560","tno:coastal_migration_satellite_0_40k",6.96104782,7919,-1.2700827035,46.2844837834
"561","tno:coastal_migration_satellite_0_40k",-5.48586132,7920,-1.2657039106,46.2850488592
"562","tno:coastal_migration_satellite_0_40k",0.35287289,7921,-1.2544187975,46.2897751431
"563","tno:coastal_migration_satellite_0_40k",-0.70598193,7922,-1.2500871685,46.2890845385
"564","tno:coastal_migration_satellite_0_40k",-0.34422584,7923,-1.2461546376,46.2876020059
"565","tno:coastal_migration_satellite_0_40k",-0.84856156,7924,-1.2425993605,46.2857118446
"566","tno:coastal_migration_satellite_0_40k",-0.22216448,7925,-1.2391061536,46.2837606419
"567","tno:coastal_migration_satellite_0_40k",-1.21510169,7926,-1.2356129466,46.2818093696
"568","tno:coastal_migration_satellite_0_40k",-2.23576111,7927,-1.2321197397,46.2798580279
"569","tno:coastal_migration_satellite_0_40k",-0.21598602,7928,-1.2284600029,46.2780603017
"570","tno:coastal_migration_satellite_0_40k",-0.87370497,7929,-1.2247674941,46.2762927915
"571","tno:coastal_migration_satellite_0_40k",0.19809789,7930,-1.2209023608,46.274723599
"572","tno:coastal_migration_satellite_0_40k",-0.22652352,7931,-1.2169124064,46.2732978745
"573","tno:coastal_migration_satellite_0_40k",-1.09653895,7932,-1.2125970375,46.2724564886
"574","tno:coastal_migration_satellite_0_40k",-3.29765313,7933,-1.2089720392,46.2731174181
"575","tno:coastal_migration_satellite_0_40k",5.67926014,7934,-1.2085471649,46.2762080839
"576","tno:coastal_migration_satellite_0_40k",-2.78369679,7935,-1.2081222906,46.2792985754
"577","tno:coastal_migration_satellite_0_40k",-32.23318092,7936,-1.2076635216,46.2823841241
"578","tno:coastal_migration_satellite_0_40k",-8.04088297,7937,-1.2063165737,46.285345328
"579","tno:coastal_migration_satellite_0_40k",-22.08883724,7938,-1.2048527059,46.2882744402
"580","tno:coastal_migration_satellite_0_40k",61.06326704,7939,-1.2028438381,46.291048555
"581","tno:coastal_migration_satellite_0_40k",-34.97797807,7940,-1.2005263417,46.2937050461
"582","tno:coastal_migration_satellite_0_40k",-19.63098807,7941,-1.1978915695,46.2962184408
"583","tno:coastal_migration_satellite_0_40k",-310.9020776,7942,-1.1952567973,46.2987317201
"584","tno:coastal_migration_satellite_0_40k",-16.78005095,7943,-1.1859804209,46.30544861
"585","tno:coastal_migration_satellite_0_40k",66.16965936,7944,-1.1741363819,46.3097494472
"586","tno:coastal_migration_satellite_0_40k",-53.28500186,7945,-1.1697435446,46.310374662
"587","tno:coastal_migration_satellite_0_40k",-2.12159947,7946,-1.1363949943,46.3043577087
"588","tno:coastal_migration_satellite_0_40k",-2.85598339,7947,-1.1341249704,46.3016844513
"589","tno:coastal_migration_satellite_0_40k",-0.88174601,7948,-1.132577833,46.2987712141
"590","tno:coastal_migration_satellite_0_40k",-33.46460854,7949,-1.1292589963,46.2598491801
"591","tno:coastal_migration_satellite_0_40k",-0.94976269,7950,-1.1319724552,46.2573744427
"592","tno:coastal_migration_satellite_0_40k",-1.96922218,7951,-1.1346869486,46.2549001284
"593","tno:coastal_migration_satellite_0_40k",-6.25803478,7952,-1.1374014421,46.2524257024
"594","tno:coastal_migration_satellite_0_40k",0.65146024,7953,-1.1400400299,46.2499159785
"595","tno:coastal_migration_satellite_0_40k",3.32403658,7954,-1.1421921394,46.2471957992
"596","tno:coastal_migration_satellite_0_40k",-15.41651064,7955,-1.1439682908,46.2443493989
"597","tno:coastal_migration_satellite_0_40k",-3.61856944,7956,-1.1469334577,46.2420161316
"598","tno:coastal_migration_satellite_0_40k",-16.18458863,7957,-1.1498986246,46.2396827651
"599","tno:coastal_migration_satellite_0_40k",-0.21805305,7958,-1.1528998556,46.2373730529
"600","tno:coastal_migration_satellite_0_40k",-1.58441159,7959,-1.1561283274,46.2352131285
"601","tno:coastal_migration_satellite_0_40k",-1.48394288,7960,-1.1593875075,46.2330763085
"602","tno:coastal_migration_satellite_0_40k",-0.53194721,7961,-1.1627831742,46.2310425827
"603","tno:coastal_migration_satellite_0_40k",-0.28311955,7962,-1.1661788408,46.2290087815
"604","tno:coastal_migration_satellite_0_40k",-0.3619592,7963,-1.1695745075,46.226974905
"605","tno:coastal_migration_satellite_0_40k",-0.7578406,7964,-1.1729776905,46.2249473215
"606","tno:coastal_migration_satellite_0_40k",-0.72383824,7965,-1.1765461517,46.2230601881
"607","tno:coastal_migration_satellite_0_40k",1.21573665,7966,-1.180140431,46.2211978643
"608","tno:coastal_migration_satellite_0_40k",-0.30041203,7967,-1.1838672668,46.2194633166
"609","tno:coastal_migration_satellite_0_40k",-1.18186208,7968,-1.1875941026,46.2177287142
"610","tno:coastal_migration_satellite_0_40k",-1.20080539,7969,-1.1913209384,46.215994057
"611","tno:coastal_migration_satellite_0_40k",-1.57303552,7970,-1.194967873,46.2141913386
"612","tno:coastal_migration_satellite_0_40k",-1.15272759,7971,-1.1980671887,46.2119526308
"613","tno:coastal_migration_satellite_0_40k",-1.01243834,7972,-1.2003799797,46.2093081142
"614","tno:coastal_migration_satellite_0_40k",-1.46908041,7973,-1.2016307701,46.2063418279
"615","tno:coastal_migration_satellite_0_40k",-2.78450815,7974,-1.2019111998,46.2032496763
"616","tno:coastal_migration_satellite_0_40k",-0.80733153,7975,-1.3474506624,46.2023214148
"617","tno:coastal_migration_satellite_0_40k",-1.61692442,7976,-1.3514611478,46.2037211562
"618","tno:coastal_migration_satellite_0_40k",0.11230584,7977,-1.3556703771,46.2047877711
"619","tno:coastal_migration_satellite_0_40k",-3.21836163,7978,-1.3600223995,46.2055186586
"620","tno:coastal_migration_satellite_0_40k",-0.72495612,7979,-1.3644677567,46.2059243353
"621","tno:coastal_migration_satellite_0_40k",-2.35638791,7980,-1.3689582753,46.2059917972
"622","tno:coastal_migration_satellite_0_40k",-0.27210301,7981,-1.3734354205,46.2057754697
"623","tno:coastal_migration_satellite_0_40k",0.03039259,7982,-1.3779004595,46.2054494625
"624","tno:coastal_migration_satellite_0_40k",-1.96594904,7983,-1.3823428744,46.2049908034
"625","tno:coastal_migration_satellite_0_40k",-1.32611984,7984,-1.3867852894,46.2045321406
"626","tno:coastal_migration_satellite_0_40k",-0.24989247,7985,-1.3912277043,46.2040734739
"627","tno:coastal_migration_satellite_0_40k",-0.51946276,7986,-1.3956747642,46.2036538606
"628","tno:coastal_migration_satellite_0_40k",-1.38839367,8867,-1.1176841138,46.1013554944
"629","tno:coastal_migration_satellite_0_40k",-4.04236542,8868,-1.1135821917,46.1001183873
"630","tno:coastal_migration_satellite_0_40k",-2.86809291,8869,-1.1098426199,46.0984082926
"631","tno:coastal_migration_satellite_0_40k",-1.76995638,8870,-1.1065978256,46.0962546684
"632","tno:coastal_migration_satellite_0_40k",-0.80850457,8871,-1.1040093192,46.0937108287
"633","tno:coastal_migration_satellite_0_40k",-3.31738283,8872,-1.1018887088,46.0909740176
"634","tno:coastal_migration_satellite_0_40k",-2.64969915,8873,-1.1001076237,46.0881200774
"635","tno:coastal_migration_satellite_0_40k",0.12150719,8874,-1.0986668585,46.0851694736
"636","tno:coastal_migration_satellite_0_40k",5.12156785,8875,-1.0975925731,46.0821483531
"637","tno:coastal_migration_satellite_0_40k",-1.33716745,8876,-1.0966401996,46.0791036333
"638","tno:coastal_migration_satellite_0_40k",-0.83503249,8877,-1.0956878261,46.0760587456
"639","tno:coastal_migration_satellite_0_40k",0.71003752,8878,-1.0947354526,46.0730136898
"640","tno:coastal_migration_satellite_0_40k",1.02601717,8879,-1.0937830791,46.0699684659
"641","tno:coastal_migration_satellite_0_40k",0.6768493,8880,-1.0928307056,46.0669230741
"642","tno:coastal_migration_satellite_0_40k",0.18009335,8881,-1.0917929661,46.0638917733
"643","tno:coastal_migration_satellite_0_40k",-0.42461359,8882,-1.0906338713,46.0608810818
"644","tno:coastal_migration_satellite_0_40k",-10.32002954,9124,-1.656866732,46.4306262721
"645","tno:coastal_migration_satellite_0_40k",-37.99582159,9125,-1.6540088355,46.4282500952
"646","tno:coastal_migration_satellite_0_40k",2.69449154,9126,-1.6512813483,46.4257903218
"647","tno:coastal_migration_satellite_0_40k",2.90992961,9127,-1.6485538611,46.4233304375
"648","tno:coastal_migration_satellite_0_40k",2.22059915,9128,-1.6455194485,46.4210632255
"649","tno:coastal_migration_satellite_0_40k",1.75570005,9129,-1.6418844931,46.4192735803
"650","tno:coastal_migration_satellite_0_40k",-0.30961432,9130,-1.6375585139,46.4185066586
"651","tno:coastal_migration_satellite_0_40k",2.45240282,9131,-1.6333334042,46.4175218181
"652","tno:coastal_migration_satellite_0_40k",6.56593922,9132,-1.6292877527,46.4161766867
"653","tno:coastal_migration_satellite_0_40k",4.82384696,9133,-1.6252421012,46.4148315221
"654","tno:coastal_migration_satellite_0_40k",2.44329117,9134,-1.620926527,46.4139896845
"655","tno:coastal_migration_satellite_0_40k",2.42896582,9135,-1.6165845531,46.413197113
"656","tno:coastal_migration_satellite_0_40k",4.59606158,9136,-1.6121920528,46.4125643196
"657","tno:coastal_migration_satellite_0_40k",1.63174707,9137,-1.6077655679,46.4120390177
"658","tno:coastal_migration_satellite_0_40k",1.92040992,9138,-1.6033390829,46.4115137109
"659","tno:coastal_migration_satellite_0_40k",2.46666572,9139,-1.598912598,46.4109883989
"660","tno:coastal_migration_satellite_0_40k",3.95264915,9140,-1.594486113,46.4104630819
"661","tno:coastal_migration_satellite_0_40k",-0.08749234,9141,-1.5900596281,46.4099377598
"662","tno:coastal_migration_satellite_0_40k",1.37989248,9142,-1.5856331432,46.4094124327
"663","tno:coastal_migration_satellite_0_40k",0.96071274,9143,-1.5812066582,46.4088871005
"664","tno:coastal_migration_satellite_0_40k",2.36010927,9144,-1.5767597358,46.4084569161
"665","tno:coastal_migration_satellite_0_40k",2.76917674,9145,-1.5723024193,46.408075129
"666","tno:coastal_migration_satellite_0_40k",1.06967204,9146,-1.5678305162,46.4077924549
"667","tno:coastal_migration_satellite_0_40k",-0.67983549,9147,-1.5633528281,46.4075490933
"668","tno:coastal_migration_satellite_0_40k",2.83675644,9148,-1.558868359,46.4073883781
"669","tno:coastal_migration_satellite_0_40k",2.21664466,9149,-1.5543794346,46.4072819665
"670","tno:coastal_migration_satellite_0_40k",1.01646475,9150,-1.5498905102,46.4071755547
"671","tno:coastal_migration_satellite_0_40k",-2.02298963,9151,-1.5454015858,46.4070691427
"672","tno:coastal_migration_satellite_0_40k",2.36669342,9152,-1.5409126613,46.4069627305
"673","tno:coastal_migration_satellite_0_40k",0.97192481,9153,-1.5364237369,46.4068563181
"674","tno:coastal_migration_satellite_0_40k",1.39633699,9154,-1.5320064882,46.4063813173
"675","tno:coastal_migration_satellite_0_40k",4.97461319,9155,-1.5276354607,46.4056685892
"676","tno:coastal_migration_satellite_0_40k",2.93500288,9156,-1.5232644331,46.4049558518
"677","tno:coastal_migration_satellite_0_40k",1.96422325,9157,-1.5191815384,46.403691544
"678","tno:coastal_migration_satellite_0_40k",1.74751698,9158,-1.5151553553,46.4023185823
"679","tno:coastal_migration_satellite_0_40k",0.76734707,9159,-1.5112411298,46.4008274338
"680","tno:coastal_migration_satellite_0_40k",1.50206939,9160,-1.5077993015,46.3988372955
"681","tno:coastal_migration_satellite_0_40k",0.70651406,9161,-1.5043574732,46.3968470847
"682","tno:coastal_migration_satellite_0_40k",0.25929551,10843,-1.2009884515,46.1965559912
"683","tno:coastal_migration_satellite_0_40k",-2.52245591,10844,-1.2010208552,46.1934756687
"684","tno:coastal_migration_satellite_0_40k",-2.54627317,10845,-1.2023751779,46.1905680952
"685","tno:coastal_migration_satellite_0_40k",-1.64755219,10846,-1.2048519272,46.1879826575
"686","tno:coastal_migration_satellite_0_40k",-2.14796598,10847,-1.2078115585,46.1856436313
"687","tno:coastal_migration_satellite_0_40k",-1.11282599,10848,-1.2107711898,46.1833045056
"688","tno:coastal_migration_satellite_0_40k",-0.13805554,10849,-1.2137308211,46.1809652803
"689","tno:coastal_migration_satellite_0_40k",-1.98690381,10850,-1.216358287,46.1784568942
"690","tno:coastal_migration_satellite_0_40k",-4.04907255,10851,-1.2187001322,46.1758030981
"691","tno:coastal_migration_satellite_0_40k",16.48430513,10852,-1.2198249898,46.1727919938
"692","tno:coastal_migration_satellite_0_40k",44.44260868,10853,-1.2217285158,46.1699920893
"693","tno:coastal_migration_satellite_0_40k",41.85616943,10854,-1.2244553866,46.1675203607
"694","tno:coastal_migration_satellite_0_40k",26.77216051,10855,-1.2275325639,46.1652613769
"695","tno:coastal_migration_satellite_0_40k",4.68830151,10856,-1.2305593202,46.1629801811
"696","tno:coastal_migration_satellite_0_40k",24.045492,10857,-1.2309530661,46.1602005284
"697","tno:coastal_migration_satellite_0_40k",0.03518313,10858,-1.2278284358,46.157965597
"698","tno:coastal_migration_satellite_0_40k",-4.25703525,10859,-1.2267515271,46.1550769446
"699","tno:coastal_migration_satellite_0_40k",-10.39296485,10860,-1.2283227587,46.1521745028
"700","tno:coastal_migration_satellite_0_40k",1.17918422,10861,-1.2299201904,46.1493194557
"701","tno:coastal_migration_satellite_0_40k",1.8455257,10862,-1.2255654094,46.148570996
"702","tno:coastal_migration_satellite_0_40k",0.47171906,10863,-1.2210886457,46.1483184871
"703","tno:coastal_migration_satellite_0_40k",-0.07388288,10864,-1.216611882,46.1480659771
"704","tno:coastal_migration_satellite_0_40k",-0.05502731,10865,-1.2121257251,46.1481122778
"705","tno:coastal_migration_satellite_0_40k",2.00030304,10866,-1.207637338,46.1482295226
"706","tno:coastal_migration_satellite_0_40k",0.40604135,10867,-1.2031614586,46.1484504957
"707","tno:coastal_migration_satellite_0_40k",0.34137938,10868,-1.1987233988,46.1489155147
"708","tno:coastal_migration_satellite_0_40k",0.55626768,10869,-1.194380677,46.1496881533
"709","tno:coastal_migration_satellite_0_40k",0.31907823,10870,-1.1901568833,46.1507464886
"710","tno:coastal_migration_satellite_0_40k",-1.07032526,10871,-1.1859330895,46.1518048035
"711","tno:coastal_migration_satellite_0_40k",-0.17196877,10872,-1.1816192147,46.152640322
"712","tno:coastal_migration_satellite_0_40k",-0.11147423,10873,-1.1771861933,46.1531146378
"713","tno:coastal_migration_satellite_0_40k",-0.85809529,10874,-1.1727149878,46.1534106379
"714","tno:coastal_migration_satellite_0_40k",0.01799502,10875,-1.1682437823,46.1537066365
"715","tno:coastal_migration_satellite_0_40k",0.33219899,10876,-1.1638970188,46.1544584508
"716","tno:coastal_migration_satellite_0_40k",0.74290117,10877,-1.1598533329,46.155784878
"717","tno:coastal_migration_satellite_0_40k",1.54373224,10878,-1.1560309654,46.1557368499
"718","tno:coastal_migration_satellite_0_40k",-0.87405462,10879,-1.1571711703,46.1528042595
"719","tno:coastal_migration_satellite_0_40k",5.84818668,10880,-1.1596063974,46.1502014892
"720","tno:coastal_migration_satellite_0_40k",11.83901062,10881,-1.1622960793,46.1477093976
"721","tno:coastal_migration_satellite_0_40k",-3.55969444,10882,-1.1649857613,46.1452171932
"722","tno:coastal_migration_satellite_0_40k",3.60194552,10883,-1.1676754433,46.142724876
"723","tno:coastal_migration_satellite_0_40k",-4.04864642,10884,-1.1699990351,46.140078905
"724","tno:coastal_migration_satellite_0_40k",-0.86314191,10885,-1.169233146,46.1377962136
"725","tno:coastal_migration_satellite_0_40k",-23.33546282,10886,-1.1647511819,46.1378321621
"726","tno:coastal_migration_satellite_0_40k",0.97307822,10887,-1.1604072969,46.1373402752
"727","tno:coastal_migration_satellite_0_40k",1.5485353,10888,-1.1563457282,46.136040004
"728","tno:coastal_migration_satellite_0_40k",-1.07511047,10889,-1.1526486888,46.1342782038
"729","tno:coastal_migration_satellite_0_40k",-0.08937883,10890,-1.1491550751,46.132321963
"730","tno:coastal_migration_satellite_0_40k",0.45640978,10891,-1.1456614613,46.1303656527
"731","tno:coastal_migration_satellite_0_40k",0.83553176,10892,-1.1421678476,46.1284092715
"732","tno:coastal_migration_satellite_0_40k",0.35992313,10893,-1.138267295,46.1268715218
"733","tno:coastal_migration_satellite_0_40k",-1.08925795,10894,-1.1340822406,46.125741247
"734","tno:coastal_migration_satellite_0_40k",-12.40547974,10895,-1.1303001712,46.1241799237
"735","tno:coastal_migration_satellite_0_40k",-18.3425145,10896,-1.1276167435,46.1217339531
"736","tno:coastal_migration_satellite_0_40k",-16.10867048,10897,-1.1261216669,46.1188287222
"737","tno:coastal_migration_satellite_0_40k",-17.15434013,10898,-1.1258359231,46.1157503546
"738","tno:coastal_migration_satellite_0_40k",-8.92748617,10899,-1.1269387948,46.1127730031
"739","tno:coastal_migration_satellite_0_40k",-8.73127697,10900,-1.129731374,46.1104152918
"740","tno:coastal_migration_satellite_0_40k",-1.03987538,10901,-1.133970901,46.1096028629
"741","tno:coastal_migration_satellite_0_40k",-0.66711058,10902,-1.1382846043,46.1087860469
"742","tno:coastal_migration_satellite_0_40k",-3.1132159,10903,-1.1415119346,46.1068118564
"743","tno:coastal_migration_satellite_0_40k",-1.81939523,10904,-1.1391588875,46.1045151008
"744","tno:coastal_migration_satellite_0_40k",-1.49679133,10905,-1.1348398197,46.1036885378
"745","tno:coastal_migration_satellite_0_40k",1.9688368,10906,-1.1304141584,46.1031569613
"746","tno:coastal_migration_satellite_0_40k",0.89469107,10907,-1.3988522859,46.1788926548
"747","tno:coastal_migration_satellite_0_40k",1.02967783,10908,-1.3948811647,46.1774394911
"748","tno:coastal_migration_satellite_0_40k",0.63804195,10909,-1.3909664346,46.1759183195
"749","tno:coastal_migration_satellite_0_40k",1.22537026,10910,-1.3871524893,46.1742755644
"750","tno:coastal_migration_satellite_0_40k",-0.42698518,10911,-1.383338544,46.1726327602
"751","tno:coastal_migration_satellite_0_40k",-0.10060112,10912,-1.3795245987,46.170989907
"752","tno:coastal_migration_satellite_0_40k",-1.38698284,10913,-1.3758467396,46.1692077919
"753","tno:coastal_migration_satellite_0_40k",-0.85474275,10914,-1.3722534356,46.1673426736
"754","tno:coastal_migration_satellite_0_40k",-0.37493891,10915,-1.3687920235,46.1653603243
"755","tno:coastal_migration_satellite_0_40k",-2.25790966,10916,-1.3653306113,46.1633779037
"756","tno:coastal_migration_satellite_0_40k",-3.66903621,10917,-1.3618691992,46.1613954115
"757","tno:coastal_migration_satellite_0_40k",-0.37336209,10918,-1.3584077871,46.159412848
"758","tno:coastal_migration_satellite_0_40k",-2.62530212,10919,-1.3547243455,46.1576469202
"759","tno:coastal_migration_satellite_0_40k",-1.92290649,10920,-1.3508793901,46.1560386671
"760","tno:coastal_migration_satellite_0_40k",-2.05821338,10921,-1.3470344347,46.1544303669
"761","tno:coastal_migration_satellite_0_40k",-1.74679393,10922,-1.3431023305,46.1529308704
"762","tno:coastal_migration_satellite_0_40k",-0.11055328,10923,-1.3390964766,46.1515234911
"763","tno:coastal_migration_satellite_0_40k",-2.29380226,10924,-1.3350474679,46.1501800996
"764","tno:coastal_migration_satellite_0_40k",0.2202935,10925,-1.3309177721,46.1489564347
"765","tno:coastal_migration_satellite_0_40k",-1.72494192,10926,-1.3267880762,46.1477327425
"766","tno:coastal_migration_satellite_0_40k",-0.7928732,10927,-1.3225724807,46.1466614864
"767","tno:coastal_migration_satellite_0_40k",-0.15101286,10928,-1.3183381334,46.1456235111
"768","tno:coastal_migration_satellite_0_40k",-0.35843918,10929,-1.3140324537,46.1447519598
"769","tno:coastal_migration_satellite_0_40k",0.50267892,10930,-1.3096182352,46.1441941254
"770","tno:coastal_migration_satellite_0_40k",0.30178913,10931,-1.3051390603,46.1440504773
"771","tno:coastal_migration_satellite_0_40k",-0.51993205,10932,-1.3006478014,46.1440134726
"772","tno:coastal_migration_satellite_0_40k",-0.34939889,10933,-1.296178091,46.1442986873
"773","tno:coastal_migration_satellite_0_40k",-0.07422464,10934,-1.2917110142,46.1446232777
"774","tno:coastal_migration_satellite_0_40k",-2.79251807,10935,-1.2872439374,46.1449478663
"775","tno:coastal_migration_satellite_0_40k",-1.02343669,10936,-1.2828848326,46.1456822491
"776","tno:coastal_migration_satellite_0_40k",0.54511279,10937,-1.2787994742,46.1469040791
"777","tno:coastal_migration_satellite_0_40k",0.28557357,10938,-1.2753471311,46.1488407799
"778","tno:coastal_migration_satellite_0_40k",-0.02658681,10939,-1.2723101897,46.1511333501
"779","tno:coastal_migration_satellite_0_40k",-0.46633113,10940,-1.2692732482,46.1534258249
"780","tno:coastal_migration_satellite_0_40k",26.56858156,10941,-1.2654526997,46.1549651381
"781","tno:coastal_migration_satellite_0_40k",1.58595336,10942,-1.2613503401,46.1561681678
"782","tno:coastal_migration_satellite_0_40k",1.09947719,10943,-1.2578326082,46.1580790924
"783","tno:coastal_migration_satellite_0_40k",1.61724319,10944,-1.2549886574,46.1604615908
"784","tno:coastal_migration_satellite_0_40k",4.3871791,10945,-1.2547882638,46.1633604261
"785","tno:coastal_migration_satellite_0_40k",-2.48395353,10946,-1.2590038577,46.1638376154
"786","tno:coastal_migration_satellite_0_40k",-1.2011621,10947,-1.2632158452,46.1627907839
"787","tno:coastal_migration_satellite_0_40k",-0.02225274,10948,-1.2673772524,46.1616465666
"788","tno:coastal_migration_satellite_0_40k",-1.75445676,10949,-1.2718166879,46.1614931863
"789","tno:coastal_migration_satellite_0_40k",-0.62195977,10950,-1.2758547585,46.1627383113
"790","tno:coastal_migration_satellite_0_40k",-0.67445602,10951,-1.2789498721,46.1649685634
"791","tno:coastal_migration_satellite_0_40k",-0.81605103,10952,-1.281313587,46.1676041344
"792","tno:coastal_migration_satellite_0_40k",0.01710939,10953,-1.2831609822,46.1704343538
"793","tno:coastal_migration_satellite_0_40k",0.04466447,10954,-1.2848540431,46.1733153263
"794","tno:coastal_migration_satellite_0_40k",-0.08051886,10955,-1.286547104,46.176196148
"795","tno:coastal_migration_satellite_0_40k",-0.11389946,10956,-1.2882401649,46.1790768187
"796","tno:coastal_migration_satellite_0_40k",-0.66097744,10957,-1.2900296324,46.1819255234
"797","tno:coastal_migration_satellite_0_40k",0.45198683,10958,-1.2922388239,46.1846294159
"798","tno:coastal_migration_satellite_0_40k",-0.45046165,10959,-1.2952027266,46.1869433553
"799","tno:coastal_migration_satellite_0_40k",-2.40115021,10960,-1.2991043714,46.1884174326
"800","tno:coastal_migration_satellite_0_40k",-1.65460913,10961,-1.3034905365,46.1890004947
"801","tno:coastal_migration_satellite_0_40k",-0.37621031,10962,-1.3079744206,46.1891082722
"802","tno:coastal_migration_satellite_0_40k",-2.34651677,10963,-1.312465979,46.1891170807
"803","tno:coastal_migration_satellite_0_40k",-1.20128392,10964,-1.3169575374,46.1891258892
"804","tno:coastal_migration_satellite_0_40k",-1.30255377,10965,-1.3213456382,46.1897426702
"805","tno:coastal_migration_satellite_0_40k",-0.07209959,10966,-1.3254386431,46.1909343653
"806","tno:coastal_migration_satellite_0_40k",0.14700113,10967,-1.3292683002,46.1925537194
"807","tno:coastal_migration_satellite_0_40k",-0.57500248,10968,-1.3327310822,46.1945339412
"808","tno:coastal_migration_satellite_0_40k",-0.11435031,10969,-1.3361938642,46.1965140917
"809","tno:coastal_migration_satellite_0_40k",-1.1373993,10970,-1.3396566462,46.1984941708
"810","tno:coastal_migration_satellite_0_40k",-0.47656067,10971,-1.4017096729,46.0224687438
"811","tno:coastal_migration_satellite_0_40k",-0.60064269,10972,-1.4001197074,46.0195517686
"812","tno:coastal_migration_satellite_0_40k",-3.57006617,10973,-1.398387045,46.0166742527
"813","tno:coastal_migration_satellite_0_40k",-1.47358351,10974,-1.3966424932,46.0137998975
"814","tno:coastal_migration_satellite_0_40k",-1.31435412,10975,-1.3948979413,46.0109253929
"815","tno:coastal_migration_satellite_0_40k",-2.04816801,10976,-1.3931533895,46.0080507389
"816","tno:coastal_migration_satellite_0_40k",-1.66885758,10977,-1.332527779,46.0082040325
"817","tno:coastal_migration_satellite_0_40k",-1.93210521,10978,-1.3357784727,46.010356804
"818","tno:coastal_migration_satellite_0_40k",-6.5872046,10979,-1.3390291664,46.0125094917
"819","tno:coastal_migration_satellite_0_40k",-1.8183747,10980,-1.3423086469,46.0146404
"820","tno:coastal_migration_satellite_0_40k",-2.03782522,10981,-1.3456615573,46.0167159281
"821","tno:coastal_migration_satellite_0_40k",-1.7105065,10982,-1.3490144677,46.0187913783
"822","tno:coastal_migration_satellite_0_40k",0.01050723,10983,-1.3523673781,46.0208667507
"823","tno:coastal_migration_satellite_0_40k",14.2979365,10984,-1.3557202885,46.0229420451
"824","tno:coastal_migration_satellite_0_40k",0.2545213,10985,-1.3590731989,46.0250172617
"825","tno:coastal_migration_satellite_0_40k",-2.68409638,10986,-1.3623738042,46.0271292702
"826","tno:coastal_migration_satellite_0_40k",-1.49004701,10987,-1.3654096902,46.029427577
"827","tno:coastal_migration_satellite_0_40k",-1.29037813,10988,-1.3684455763,46.0317257883
"828","tno:coastal_migration_satellite_0_40k",-0.16839676,10989,-1.3705249138,46.0344001307
"829","tno:coastal_migration_satellite_0_40k",-1.45363623,10990,-1.3724085245,46.037132806
"830","tno:coastal_migration_satellite_0_40k",-1.76604187,10991,-1.375828997,46.0391355318
"831","tno:coastal_migration_satellite_0_40k",-2.61995056,10992,-1.3798804286,46.0404673739
"832","tno:coastal_migration_satellite_0_40k",-4.22111655,10993,-1.3840701627,46.0415910256
"833","tno:coastal_migration_satellite_0_40k",-2.15515614,10994,-1.3883208985,46.0425865655
"834","tno:coastal_migration_satellite_0_40k",-1.94393007,10995,-1.3926498362,46.0434179317
"835","tno:coastal_migration_satellite_0_40k",-2.44935931,10996,-1.396978774,46.0442492853
