FID,changerate,geom,id
coastal_migration_satellite_0_40k.114,-29.14127529,POINT (45.8096812228 -1.1370610284),114
coastal_migration_satellite_0_40k.115,-9.38652503,POINT (45.8066374584 -1.1360086742),115
coastal_migration_satellite_0_40k.116,-9.75929299,POINT (45.8035935276 -1.1349563199000001),116
coastal_migration_satellite_0_40k.117,-5.63117737,POINT (45.8006228252 -1.1335698594),117
coastal_migration_satellite_0_40k.118,-2.31194425,POINT (45.7977081333 -1.1319279443),118
coastal_migration_satellite_0_40k.119,-3.19116919,POINT (45.7949875958 -1.1297441014),119
coastal_migration_satellite_0_40k.120,-1.80834484,POINT (45.7926541528 -1.1267626743),120
coastal_migration_satellite_0_40k.121,-1.16131624,POINT (45.7828498244 -1.1264204513),121
coastal_migration_satellite_0_40k.122,1.82285073,POINT (45.7852186857 -1.1293590731),122
coastal_migration_satellite_0_40k.123,2.8340772,POINT (45.7875874463 -1.132297695),123
coastal_migration_satellite_0_40k.124,2.57650246,POINT (45.7899561063 -1.1352363168),124
coastal_migration_satellite_0_40k.125,2.11451695,POINT (45.7923246656 -1.1381749386),125
coastal_migration_satellite_0_40k.126,7.14299487,POINT (45.7946931243 -1.1411135604),126
coastal_migration_satellite_0_40k.127,-1.05978851,POINT (45.7968890935 -1.1443091116),127
coastal_migration_satellite_0_40k.128,-5.65817702,POINT (45.7984851037 -1.1481514019),128
coastal_migration_satellite_0_40k.129,-3.50452971,POINT (45.7993086763 -1.152456645),129
coastal_migration_satellite_0_40k.130,-0.6765752,POINT (45.7993737189 -1.1569240726),130
coastal_migration_satellite_0_40k.131,2.33295335,POINT (45.7988434727 -1.1613358686),131
coastal_migration_satellite_0_40k.132,-1.22613875,POINT (45.7979118961 -1.1656151835),132
coastal_migration_satellite_0_40k.133,-9.76079158,POINT (45.7967150276 -1.1697609389),133
coastal_migration_satellite_0_40k.134,-4.49395814,POINT (45.7953036053 -1.1737704499000001),134
coastal_migration_satellite_0_40k.135,-3.17516866,POINT (45.7938921473 -1.177779961),135
coastal_migration_satellite_0_40k.136,-4.60032517,POINT (45.7924806536 -1.181789472),136
coastal_migration_satellite_0_40k.137,-10.13137062,POINT (45.7913957033 -1.1859964552),137
coastal_migration_satellite_0_40k.138,-8.34127352,POINT (45.7908911011 -1.1903681153),138
coastal_migration_satellite_0_40k.139,-7.02884995,POINT (45.7912895766 -1.1947770654),139
coastal_migration_satellite_0_40k.140,11.24612678,POINT (45.7921698037 -1.19908759),140
coastal_migration_satellite_0_40k.141,-4.65594708,POINT (45.7930500169 -1.2033981145000001),141
coastal_migration_satellite_0_40k.142,24.41136264,POINT (45.793186891 -1.2078734826),142
coastal_migration_satellite_0_40k.143,-2.10714698,POINT (45.7925728197 -1.2122444369),143
coastal_migration_satellite_0_40k.144,-8.0648274,POINT (45.7914361799 -1.2164297567),144
coastal_migration_satellite_0_40k.145,-8.52245364,POINT (45.7902995169 -1.2206150765000001),145
coastal_migration_satellite_0_40k.146,-0.96138797,POINT (45.7890253358 -1.2247102351999999),146
coastal_migration_satellite_0_40k.147,-1.95741285,POINT (45.7875619675 -1.2286814058),147
coastal_migration_satellite_0_40k.148,-23.05147239,POINT (45.7860985608 -1.2326525763),148
coastal_migration_satellite_0_40k.149,-27.29768886,POINT (45.7843274043 -1.2363357707),149
coastal_migration_satellite_0_40k.150,-13.85181904,POINT (45.7821369885 -1.2395166572),150
coastal_migration_satellite_0_40k.151,-1.5230327,POINT (45.7795051366 -1.2418975561),151
coastal_migration_satellite_0_40k.152,16.43085217,POINT (45.7765311189 -1.24322047),152
coastal_migration_satellite_0_40k.153,11.30958149,POINT (45.77341939 -1.2435953995),153
coastal_migration_satellite_0_40k.154,3.8423549,POINT (45.7702953935 -1.2433691043),154
coastal_migration_satellite_0_40k.155,-4.90935493,POINT (45.7671737223 -1.2429853602),155
coastal_migration_satellite_0_40k.156,-8.81465069,POINT (45.7640518765 -1.2426016161),156
coastal_migration_satellite_0_40k.157,-0.54364238,POINT (45.760929856 -1.2422178721),157
coastal_migration_satellite_0_40k.158,-1.97672505,POINT (45.7578076607 -1.241834128),158
coastal_migration_satellite_0_40k.159,-0.08783341,POINT (45.7546852908 -1.2414503839),159
coastal_migration_satellite_0_40k.160,0.85172844,POINT (45.7515613392 -1.2410935148),160
coastal_migration_satellite_0_40k.161,3.30178876,POINT (45.748433646 -1.2408047011),161
coastal_migration_satellite_0_40k.162,3.75426129,POINT (45.7453057774 -1.2405158874),162
coastal_migration_satellite_0_40k.163,1.16342294,POINT (45.7421777337 -1.2402270736),163
coastal_migration_satellite_0_40k.164,-2.21081714,POINT (45.7390495146 -1.2399382599),164
coastal_migration_satellite_0_40k.165,-2.20764245,POINT (45.7359211203 -1.2396494461),165
coastal_migration_satellite_0_40k.166,-3.90938068,POINT (45.7327925507 -1.2393606324),166
coastal_migration_satellite_0_40k.167,-5.609557,POINT (45.7296638059 -1.2390718187),167
coastal_migration_satellite_0_40k.168,-7.46164498,POINT (45.7265348858 -1.2387830049),168
coastal_migration_satellite_0_40k.169,-3.39398377,POINT (45.7234057904 -1.2384941912),169
coastal_migration_satellite_0_40k.170,-3.64254685,POINT (45.7202765197 -1.2382053775),170
coastal_migration_satellite_0_40k.171,-2.93638333,POINT (45.7171470738 -1.2379165637),171
coastal_migration_satellite_0_40k.172,-3.93265248,POINT (45.7140174526 -1.23762775),172
coastal_migration_satellite_0_40k.173,-2.45591912,POINT (45.7108876561 -1.2373389362),173
coastal_migration_satellite_0_40k.174,-0.4278441,POINT (45.7077576844 -1.2370501225),174
coastal_migration_satellite_0_40k.175,-0.60271439,POINT (45.7046275374 -1.2367613088),175
coastal_migration_satellite_0_40k.176,2.43867337,POINT (45.7014972151 -1.2364724950000001),176
coastal_migration_satellite_0_40k.177,-0.17687175,POINT (45.6983785136 -1.2360066595),177
coastal_migration_satellite_0_40k.178,-2.51300558,POINT (45.6952662037 -1.2354423963),178
coastal_migration_satellite_0_40k.179,-3.47504967,POINT (45.6921537206 -1.2348781331),179
coastal_migration_satellite_0_40k.180,-5.07518271,POINT (45.6890410643 -1.2343138699),180
coastal_migration_satellite_0_40k.181,-2.24713819,POINT (45.6859282347 -1.2337496067),181
coastal_migration_satellite_0_40k.182,-2.86416285,POINT (45.682872789 -1.2327442817),182
coastal_migration_satellite_0_40k.183,-6.36913695,POINT (45.6798649642 -1.2314976553),183
coastal_migration_satellite_0_40k.184,-6.42905414,POINT (45.6769769192 -1.2297492802),184
coastal_migration_satellite_0_40k.185,-10.02884492,POINT (45.6744269602 -1.2271397346),185
coastal_migration_satellite_0_40k.186,-8.99543143,POINT (45.6724369991 -1.2236827083),186
coastal_migration_satellite_0_40k.187,-11.01971466,POINT (45.6711259629 -1.2196195174),187
coastal_migration_satellite_0_40k.188,-3.26712542,POINT (45.6703476399 -1.2152771619),188
coastal_migration_satellite_0_40k.189,1.76319256,POINT (45.6699860428 -1.2108268817),189
coastal_migration_satellite_0_40k.190,1.00414115,POINT (45.6700144974 -1.2063354899),190
coastal_migration_satellite_0_40k.191,1.54010786,POINT (45.6700626217 -1.2018466513),191
coastal_migration_satellite_0_40k.192,1.53291822,POINT (45.6705996545 -1.1974213116),192
coastal_migration_satellite_0_40k.193,3.99877532,POINT (45.6715340004 -1.1931343925),193
coastal_migration_satellite_0_40k.194,5.88936696,POINT (45.6730674517 -1.1892280058),194
coastal_migration_satellite_0_40k.195,5.71289296,POINT (45.6752379674 -1.1860231825),195
coastal_migration_satellite_0_40k.196,-78.2299608,POINT (45.6779552813 -1.1860630753999999),196
coastal_migration_satellite_0_40k.197,-5.29431335,POINT (45.6785044724 -1.1904286148),197
coastal_migration_satellite_0_40k.198,-5.78260516,POINT (45.6779953556 -1.1948518188000001),198
coastal_migration_satellite_0_40k.199,-1.90467194,POINT (45.6771191094 -1.1991647585),199
coastal_migration_satellite_0_40k.200,-1.68304383,POINT (45.6762926244 -1.2034923496),200
coastal_migration_satellite_0_40k.201,-5.10854248,POINT (45.6759981144 -1.2079539474),201
coastal_migration_satellite_0_40k.202,6.23434549,POINT (45.676390112 -1.2123888872),202
coastal_migration_satellite_0_40k.203,21.20161503,POINT (45.6775822498 -1.2165092688999999),203
coastal_migration_satellite_0_40k.204,-6.85060439,POINT (45.6795318608 -1.2199951754),204
coastal_migration_satellite_0_40k.205,21.17365503,POINT (45.6820536882 -1.2226453135),205
coastal_migration_satellite_0_40k.206,43.61699918,POINT (45.6849155981 -1.2244816843),206
coastal_migration_satellite_0_40k.207,-15.22918343,POINT (45.6879591438 -1.2255740932),207
coastal_migration_satellite_0_40k.208,1.42167142,POINT (45.6910514271 -1.2257253709),208
coastal_migration_satellite_0_40k.209,-1.12820133,POINT (45.693570416200004 -1.2231663571),209
coastal_migration_satellite_0_40k.210,-2.09211137,POINT (45.6954816845 -1.2196509302),210
coastal_migration_satellite_0_40k.211,-3.40462036,POINT (45.6963101969 -1.215369348),211
coastal_migration_satellite_0_40k.212,-10.32230021,POINT (45.6960361142 -1.2109212411),212
coastal_migration_satellite_0_40k.213,-5.18316757,POINT (45.6949508134 -1.2067132346),213
coastal_migration_satellite_0_40k.214,0.93635755,POINT (45.6933569117 -1.2028445071),214
coastal_migration_satellite_0_40k.215,-2.06556936,POINT (45.6917629645 -1.1989757797),215
coastal_migration_satellite_0_40k.216,8.28128933,POINT (45.6900079307 -1.1952593273),216
coastal_migration_satellite_0_40k.217,0.12056032,POINT (45.6881483948 -1.191641582),217
coastal_migration_satellite_0_40k.218,-2.71163206,POINT (45.6862887971 -1.1880238366),218
coastal_migration_satellite_0_40k.219,7.37097851,POINT (45.6844291376 -1.1844060913),219
coastal_migration_satellite_0_40k.220,-44.76275714,POINT (45.6825694162 -1.180788346),220
coastal_migration_satellite_0_40k.221,18.90425974,POINT (45.6807623975 -1.1771193035),221
coastal_migration_satellite_0_40k.222,-15.41890242,POINT (45.6790994661 -1.1733102179000001),222
coastal_migration_satellite_0_40k.223,-5.27908,POINT (45.6774364853 -1.1695011323),223
coastal_migration_satellite_0_40k.224,-0.2641846,POINT (45.6757734551 -1.1656920466),224
coastal_migration_satellite_0_40k.225,-8.37675562,POINT (45.6741103831 -1.161882961),225
coastal_migration_satellite_0_40k.226,-7.07854268,POINT (45.6722251496 -1.1582920306),226
coastal_migration_satellite_0_40k.227,-5.63941365,POINT (45.670339717 -1.1547012133),227
coastal_migration_satellite_0_40k.228,-4.536561,POINT (45.6684542209 -1.151110396),228
coastal_migration_satellite_0_40k.229,-2.7214503,POINT (45.6664503643 -1.1476539459),229
coastal_migration_satellite_0_40k.230,-0.32419923,POINT (45.6644346989 -1.1442108042),230
coastal_migration_satellite_0_40k.231,-0.26743708,POINT (45.6624189609 -1.1407676625),231
coastal_migration_satellite_0_40k.232,0.2981656,POINT (45.6604031503 -1.1373245208),232
coastal_migration_satellite_0_40k.233,0.08788972,POINT (45.6583872672 -1.1338813791),233
coastal_migration_satellite_0_40k.236,-15.44484109,POINT (45.8068879254 -1.2410639463),236
coastal_migration_satellite_0_40k.237,-19.68955613,POINT (45.8045225162 -1.2381211326),237
coastal_migration_satellite_0_40k.238,-17.84391165,POINT (45.8028060413 -1.2343913301),238
coastal_migration_satellite_0_40k.239,-7.44333623,POINT (45.8020493929 -1.2300876035),239
coastal_migration_satellite_0_40k.240,0.94901533,POINT (45.8041731961 -1.2272583621),240
coastal_migration_satellite_0_40k.241,-1.40686323,POINT (45.8068796876 -1.2250568991),241
coastal_migration_satellite_0_40k.1448,30.88763354,POINT (45.8611497604 -1.1237424829),1448
coastal_migration_satellite_0_40k.1449,-14.25774856,POINT (45.8606572544 -1.1281545057),1449
coastal_migration_satellite_0_40k.1450,-11.5786181,POINT (45.8603864616 -1.1326272112),1450
coastal_migration_satellite_0_40k.1451,-3.13104181,POINT (45.8603222992 -1.1371178426),1451
coastal_migration_satellite_0_40k.1452,0.93631785,POINT (45.8602581369 -1.141608474),1452
coastal_migration_satellite_0_40k.1453,-0.10616357,POINT (45.8599412958 -1.1460640807),1453
coastal_migration_satellite_0_40k.1454,0.04663066,POINT (45.8592121454 -1.1503616384),1454
coastal_migration_satellite_0_40k.1455,-24.08279687,POINT (45.856532662 -1.1521225962),1455
coastal_migration_satellite_0_40k.1456,0.93244606,POINT (45.8541293779 -1.1549480381000001),1456
coastal_migration_satellite_0_40k.1457,-0.46208396,POINT (45.8521352428 -1.1584088229),1457
coastal_migration_satellite_0_40k.1458,1.37243824,POINT (45.8501410361 -1.1618696077),1458
coastal_migration_satellite_0_40k.1459,-2.47294966,POINT (45.8475016884 -1.164093903),1459
coastal_migration_satellite_0_40k.1460,-0.60670243,POINT (45.844601169 -1.1629398271),1460
coastal_migration_satellite_0_40k.1461,12.92562252,POINT (45.8420864542 -1.1603137599),1461
coastal_migration_satellite_0_40k.1462,7.53052533,POINT (45.8398483914 -1.1571747342),1462
coastal_migration_satellite_0_40k.1463,-5.18391432,POINT (45.8373362408 -1.1545041138),1463
coastal_migration_satellite_0_40k.1464,-5.07184455,POINT (45.8345762058 -1.1524198605),1464
coastal_migration_satellite_0_40k.1465,-2.33449451,POINT (45.8317390845 -1.1505241805),1465
coastal_migration_satellite_0_40k.1466,-2.61081061,POINT (45.8289399347 -1.1485256468),1466
coastal_migration_satellite_0_40k.1467,-3.44014473,POINT (45.8262595767 -1.1462065429),1467
coastal_migration_satellite_0_40k.1468,-6.26970353,POINT (45.8235790897 -1.1438874391),1468
coastal_migration_satellite_0_40k.1469,-22.42509668,POINT (45.8207596384 -1.1419918394),1469
coastal_migration_satellite_0_40k.1470,-11.23808634,POINT (45.8178055665 -1.1405060989),1470
coastal_migration_satellite_0_40k.1471,-1.93281653,POINT (45.8148513378 -1.1390203584),1471
coastal_migration_satellite_0_40k.1472,0.01395277,POINT (46.0050457533 -1.3913298397),1472
coastal_migration_satellite_0_40k.1473,-0.56970138,POINT (46.0021098177 -1.3898263050000002),1473
coastal_migration_satellite_0_40k.1474,-1.22690695,POINT (45.9991290008 -1.3884993918),1474
coastal_migration_satellite_0_40k.1475,-0.17813917,POINT (45.99606847 -1.3878476853000001),1475
coastal_migration_satellite_0_40k.1476,-1.06466604,POINT (45.9929548371 -1.3877744966),1476
coastal_migration_satellite_0_40k.1477,-1.78588215,POINT (45.9898897029 -1.3886175391),1477
coastal_migration_satellite_0_40k.1478,-1.93055133,POINT (45.986824399 -1.3894605816),1478
coastal_migration_satellite_0_40k.1479,-3.1147521,POINT (45.9837589254 -1.3903036241),1479
coastal_migration_satellite_0_40k.1480,-2.88256873,POINT (45.9806607033 -1.3907385628),1480
coastal_migration_satellite_0_40k.1481,-3.61036967,POINT (45.9775419134 -1.3909182817),1481
coastal_migration_satellite_0_40k.1482,-0.86582321,POINT (45.9744278725 -1.3906805587),1482
coastal_migration_satellite_0_40k.1483,-2.09882153,POINT (45.9713147701 -1.3903485812),1483
coastal_migration_satellite_0_40k.1484,-8.07596208,POINT (45.9682402166 -1.3895767635),1484
coastal_migration_satellite_0_40k.1485,-1.39062271,POINT (45.9651704429 -1.3887634229999999),1485
coastal_migration_satellite_0_40k.1486,-1.14512436,POINT (45.9621682891 -1.3875301115),1486
coastal_migration_satellite_0_40k.1487,-1.97898438,POINT (45.9591786826 -1.3862431102000001),1487
coastal_migration_satellite_0_40k.1488,-3.38795842,POINT (45.9562781547 -1.3845798977000001),1488
coastal_migration_satellite_0_40k.1489,-0.40840033,POINT (45.9534115202 -1.3828111053),1489
coastal_migration_satellite_0_40k.1490,-1.45929004,POINT (45.9506560013 -1.3806976756),1490
coastal_migration_satellite_0_40k.1491,-2.77079186,POINT (45.947981309 -1.3783953495),1491
coastal_migration_satellite_0_40k.1492,-2.44592131,POINT (45.9454311011 -1.3758025336),1492
coastal_migration_satellite_0_40k.1493,-0.67248997,POINT (45.9430046606 -1.372983063),1493
coastal_migration_satellite_0_40k.1494,-1.87487486,POINT (45.9406507613 -1.370030786),1494
coastal_migration_satellite_0_40k.1495,-2.39815197,POINT (45.9382967621 -1.3670785091),1495
coastal_migration_satellite_0_40k.1496,-3.51671176,POINT (45.9359426629 -1.3641262321),1496
coastal_migration_satellite_0_40k.1497,-1.11998885,POINT (45.9336570162 -1.3610674968),1497
coastal_migration_satellite_0_40k.1498,-2.0899674,POINT (45.9314294705 -1.3579184513),1498
coastal_migration_satellite_0_40k.1499,-2.96669522,POINT (45.9292018353 -1.3547694058),1499
coastal_migration_satellite_0_40k.1500,-1.9252432,POINT (45.9269741106 -1.3516203603),1500
coastal_migration_satellite_0_40k.1501,-2.13349538,POINT (45.9248577668 -1.3483194238),1501
coastal_migration_satellite_0_40k.1502,-0.37072786,POINT (45.9227901486 -1.3449520342),1502
coastal_migration_satellite_0_40k.1503,-4.10207786,POINT (45.9207224534 -1.3415846445000001),1503
coastal_migration_satellite_0_40k.1504,-0.15962495,POINT (45.918744403 -1.3381126111000001),1504
coastal_migration_satellite_0_40k.1505,-1.88392908,POINT (45.9169083367 -1.3344802952),1505
coastal_migration_satellite_0_40k.1506,-0.2023783,POINT (45.9152431872 -1.3306795505),1506
coastal_migration_satellite_0_40k.1507,-0.50944935,POINT (45.9135779878 -1.3268788058),1507
coastal_migration_satellite_0_40k.1508,-3.69836534,POINT (45.9119127383 -1.323078061),1508
coastal_migration_satellite_0_40k.1509,-1.49586899,POINT (45.9100545733 -1.3194731588),1509
coastal_migration_satellite_0_40k.1510,-1.58814711,POINT (45.9081187082 -1.3159470399),1510
coastal_migration_satellite_0_40k.1511,-4.11008621,POINT (45.9061827755 -1.312420921),1511
coastal_migration_satellite_0_40k.1512,-2.27979488,POINT (45.9042467754 -1.3088948021),1512
coastal_migration_satellite_0_40k.1513,-2.80705386,POINT (45.9023107077 -1.3053686832),1513
coastal_migration_satellite_0_40k.1514,-2.3671846,POINT (45.9005741556 -1.3016469269),1514
coastal_migration_satellite_0_40k.1515,0.85586802,POINT (45.899276773 -1.2975720416),1515
coastal_migration_satellite_0_40k.1516,-2.42875096,POINT (45.897739992 -1.2937249605),1516
coastal_migration_satellite_0_40k.1517,-2.41289251,POINT (45.8956807393 -1.2903521321),1517
coastal_migration_satellite_0_40k.1518,-1.29580155,POINT (45.8933813638 -1.2873092327),1518
coastal_migration_satellite_0_40k.1519,-2.27821572,POINT (45.8910818931 -1.2842663333),1519
coastal_migration_satellite_0_40k.1520,-2.44051832,POINT (45.8887823272 -1.2812234339),1520
coastal_migration_satellite_0_40k.1521,-5.83559004,POINT (45.8863970129 -1.2783268552),1521
coastal_migration_satellite_0_40k.1522,-0.02940295,POINT (45.8839165147 -1.2755925843),1522
coastal_migration_satellite_0_40k.1523,-0.63238384,POINT (45.881435905800004 -1.2728583134),1523
coastal_migration_satellite_0_40k.1524,-5.2318839,POINT (45.878955186 -1.2701240424),1524
coastal_migration_satellite_0_40k.1525,-7.15722327,POINT (45.8764294121 -1.267480986),1525
coastal_migration_satellite_0_40k.1526,-8.3236849,POINT (45.8738099473 -1.2650276784),1526
coastal_migration_satellite_0_40k.1527,-8.95234504,POINT (45.8711236064 -1.2627368321999999),1527
coastal_migration_satellite_0_40k.1528,-7.20033242,POINT (45.8683623578 -1.2606278286),1528
coastal_migration_satellite_0_40k.1529,-8.37223929,POINT (45.8654013087 -1.2591861317),1529
coastal_migration_satellite_0_40k.1530,-10.99279931,POINT (45.8624353151 -1.2577602877),1530
coastal_migration_satellite_0_40k.1531,-11.44322874,POINT (45.8594230038 -1.2565743078),1531
coastal_migration_satellite_0_40k.1532,-12.54304604,POINT (45.8563678305 -1.2556100045),1532
coastal_migration_satellite_0_40k.1533,-14.12772595,POINT (45.8533124893 -1.2546457012),1533
coastal_migration_satellite_0_40k.1534,-13.90520189,POINT (45.8502569803 -1.2536813978999999),1534
coastal_migration_satellite_0_40k.1535,-12.55831899,POINT (45.8471914823 -1.2527930938),1535
coastal_migration_satellite_0_40k.1536,-12.82915522,POINT (45.8440981802 -1.2521183866),1536
coastal_migration_satellite_0_40k.1537,-12.49028764,POINT (45.8410047061 -1.2514436794),1537
coastal_migration_satellite_0_40k.1538,-11.89744032,POINT (45.83791106 -1.2507689722),1538
coastal_migration_satellite_0_40k.1539,-10.49200345,POINT (45.8348172419 -1.250094265),1539
coastal_migration_satellite_0_40k.1540,-11.18941354,POINT (45.8317232517 -1.2494195578),1540
coastal_migration_satellite_0_40k.1541,-10.33595947,POINT (45.8286290896 -1.2487448506),1541
coastal_migration_satellite_0_40k.1542,-9.15162996,POINT (45.8255347554 -1.2480701435000001),1542
coastal_migration_satellite_0_40k.1543,-9.88717177,POINT (45.8224402493 -1.2473954363),1543
coastal_migration_satellite_0_40k.1544,-10.4561062,POINT (45.8193698777 -1.2465347332),1544
coastal_migration_satellite_0_40k.1545,-11.52902975,POINT (45.8163150083 -1.2455542294),1545
coastal_migration_satellite_0_40k.1546,-11.82717738,POINT (45.8132599712 -1.2445737257),1546
coastal_migration_satellite_0_40k.1547,-0.943856,POINT (45.8107751983 -1.2207773735),1547
coastal_migration_satellite_0_40k.1548,0.73263505,POINT (45.8132019535 -1.2179396904),1548
coastal_migration_satellite_0_40k.1549,-0.19538561,POINT (45.815628603 -1.2151020073),1549
coastal_migration_satellite_0_40k.1550,0.37937612,POINT (45.8180551467 -1.2122643241),1550
coastal_migration_satellite_0_40k.1551,-0.66645465,POINT (45.8204815847 -1.209426641),1551
coastal_migration_satellite_0_40k.1552,-0.01954051,POINT (45.8229079169 -1.2065889579),1552
coastal_migration_satellite_0_40k.1553,-0.22074876,POINT (45.8253634901 -1.2038077328),1553
coastal_migration_satellite_0_40k.1554,-12.35630969,POINT (45.8280007761 -1.2014065538),1554
coastal_migration_satellite_0_40k.1555,-0.37024019,POINT (45.8309400952 -1.1999634643000001),1555
coastal_migration_satellite_0_40k.1556,-0.25839778,POINT (45.8340502513 -1.1999233602000001),1556
coastal_migration_satellite_0_40k.1557,-0.93986222,POINT (45.837090041 -1.2009789006),1557
coastal_migration_satellite_0_40k.1558,-0.43923482,POINT (45.8401264492 -1.2020645956),1558
coastal_migration_satellite_0_40k.1559,-1.54491932,POINT (45.8431626917 -1.2031502907),1559
coastal_migration_satellite_0_40k.1560,-0.39586011,POINT (45.8461987685 -1.2042359857),1560
coastal_migration_satellite_0_40k.1561,-0.75726824,POINT (45.8492990716 -1.2048244417),1561
coastal_migration_satellite_0_40k.1562,-4.55749187,POINT (45.852406103 -1.2047800683),1562
coastal_migration_satellite_0_40k.1563,-1.2793078,POINT (45.8554169354 -1.2035605986),1563
coastal_migration_satellite_0_40k.1564,3.83956892,POINT (45.8583150583 -1.2018762504),1564
coastal_migration_satellite_0_40k.1565,1.00984443,POINT (45.8612033769 -1.200151911),1565
coastal_migration_satellite_0_40k.1566,0.27717689,POINT (45.8640915454 -1.1984275715),1566
coastal_migration_satellite_0_40k.1567,-1.92329232,POINT (45.8670099459 -1.1968227249),1567
coastal_migration_satellite_0_40k.1568,-2.43227035,POINT (45.8699924107 -1.1954707052),1568
coastal_migration_satellite_0_40k.1569,-0.54737213,POINT (45.8729747155 -1.1941186854),1569
coastal_migration_satellite_0_40k.1570,-0.29120168,POINT (45.8760500509 -1.1933244855),1570
coastal_migration_satellite_0_40k.1571,-2.93231879,POINT (45.8791345114 -1.1925860749),1571
coastal_migration_satellite_0_40k.1572,-3.4643547,POINT (45.8822538019 -1.1926581802),1572
coastal_migration_satellite_0_40k.1573,-0.52024158,POINT (45.8853670596 -1.1929356108),1573
coastal_migration_satellite_0_40k.1574,0.24072784,POINT (45.8883632702 -1.1942186596),1574
coastal_migration_satellite_0_40k.1575,-0.80586109,POINT (45.891259506 -1.1958349678),1575
coastal_migration_satellite_0_40k.1576,-2.19857151,POINT (45.8939684004 -1.1980768711),1576
coastal_migration_satellite_0_40k.1577,-11.36790669,POINT (45.8965295061 -1.2006230797),1577
coastal_migration_satellite_0_40k.1578,-11.41298825,POINT (45.8989308685 -1.2034985168),1578
coastal_migration_satellite_0_40k.1579,0.08791596,POINT (45.9012596124 -1.2064863588999999),1579
coastal_migration_satellite_0_40k.1580,14.98338178,POINT (45.9034375655 -1.2097079757),1580
coastal_migration_satellite_0_40k.1581,-2.06362033,POINT (45.9056154331 -1.2129295924),1581
coastal_migration_satellite_0_40k.1582,-18.00876058,POINT (45.9077932153 -1.2161512092),1582
coastal_migration_satellite_0_40k.1583,-9.91903046,POINT (45.9100665189 -1.2192239549),1583
coastal_migration_satellite_0_40k.1584,15.9596686,POINT (45.9125068183 -1.2220238527),1584
coastal_migration_satellite_0_40k.1585,-1.88128278,POINT (45.9151314214 -1.2244617431),1585
coastal_migration_satellite_0_40k.1586,7.39645426,POINT (45.9179398007 -1.2264265347),1586
coastal_migration_satellite_0_40k.1587,-7.84232989,POINT (45.9208813563 -1.2279203216),1587
coastal_migration_satellite_0_40k.1588,-10.70878048,POINT (45.9239233761 -1.2289014445),1588
coastal_migration_satellite_0_40k.1589,-2.1448797,POINT (45.9270238753 -1.2293672625),1589
coastal_migration_satellite_0_40k.1590,-11.35967137,POINT (45.9301418408 -1.229335328),1590
coastal_migration_satellite_0_40k.1591,2.51768067,POINT (45.9332521008 -1.2289151287),1591
coastal_migration_satellite_0_40k.1592,-0.89415448,POINT (45.9363621863 -1.2284949293),1592
coastal_migration_satellite_0_40k.1593,1.05587565,POINT (45.9394696274 -1.2287094864),1593
coastal_migration_satellite_0_40k.1594,-0.91449886,POINT (45.9424636847 -1.2298414372),1594
coastal_migration_satellite_0_40k.1595,0.38079815,POINT (45.9452881763 -1.231725722),1595
coastal_migration_satellite_0_40k.1596,-1.30689193,POINT (45.9479742026 -1.2340173984),1596
coastal_migration_satellite_0_40k.1597,-0.26082476,POINT (45.9506600987 -1.2363090747),1597
coastal_migration_satellite_0_40k.1598,-1.78950756,POINT (45.9533458647 -1.238600751),1598
coastal_migration_satellite_0_40k.1599,-0.53113241,POINT (45.956345853 -1.2398085559),1599
coastal_migration_satellite_0_40k.1600,-16.36175661,POINT (45.9593999448 -1.2397729811),1600
coastal_migration_satellite_0_40k.1601,0.80792825,POINT (45.9624745937 -1.2389911582),1601
coastal_migration_satellite_0_40k.1602,-4.41098333,POINT (45.9655706474 -1.2384533775),1602
coastal_migration_satellite_0_40k.1603,-8.32370124,POINT (45.9686831277 -1.2381035391),1603
coastal_migration_satellite_0_40k.1604,-1.09974538,POINT (45.9717954331 -1.2377537007),1604
coastal_migration_satellite_0_40k.1605,-0.77450553,POINT (45.974914577 -1.2376533784000001),1605
coastal_migration_satellite_0_40k.1606,9.60177187,POINT (45.9780360018 -1.2376405637),1606
coastal_migration_satellite_0_40k.1607,4.11870256,POINT (45.9811572506 -1.237627749),1607
coastal_migration_satellite_0_40k.1608,2.26259247,POINT (45.9842385646 -1.2383183371),1608
coastal_migration_satellite_0_40k.1609,0.69872471,POINT (45.9868615878 -1.2404322475),1609
coastal_migration_satellite_0_40k.1610,-1.58376622,POINT (45.9886049773 -1.2441247187),1610
coastal_migration_satellite_0_40k.1611,-2.39141484,POINT (45.9898547277 -1.2482284233),1611
coastal_migration_satellite_0_40k.1612,-2.51850889,POINT (45.9905553867 -1.252589329),1612
coastal_migration_satellite_0_40k.1613,-2.4444918,POINT (45.9904875626 -1.2570798444),1613
coastal_migration_satellite_0_40k.1614,-3.20713501,POINT (45.990345686 -1.2615604819000001),1614
coastal_migration_satellite_0_40k.1615,-3.39910144,POINT (45.989839054 -1.2659924717),1615
coastal_migration_satellite_0_40k.1616,-3.01479883,POINT (45.9893324173 -1.2704244615),1616
coastal_migration_satellite_0_40k.1617,-3.35242519,POINT (45.988825776 -1.2748564513),1617
coastal_migration_satellite_0_40k.1618,-2.45639798,POINT (45.9884405399 -1.2793078783),1618
coastal_migration_satellite_0_40k.1619,-1.85033177,POINT (45.9882581549 -1.2837917776),1619
coastal_migration_satellite_0_40k.1620,-3.10568407,POINT (45.988379775 -1.2882706852),1620
coastal_migration_satellite_0_40k.1621,-1.51638645,POINT (45.9887233038 -1.2927255381),1621
coastal_migration_satellite_0_40k.1622,-1.73746439,POINT (45.9895050211 -1.2970739168),1622
coastal_migration_satellite_0_40k.1623,-1.47479047,POINT (45.9906429345 -1.3012406051),1623
coastal_migration_satellite_0_40k.1624,-0.90731051,POINT (45.9920034245 -1.3052755095),1624
coastal_migration_satellite_0_40k.1625,-1.12655046,POINT (45.9937027725 -1.3090426548),1625
coastal_migration_satellite_0_40k.1626,0.70731198,POINT (45.9955321159 -1.3126730586),1626
coastal_migration_satellite_0_40k.1627,-1.81764166,POINT (45.9975090626 -1.3161481096),1627
coastal_migration_satellite_0_40k.1628,-2.01419427,POINT (45.9995788417 -1.3195049747),1628
coastal_migration_satellite_0_40k.1629,-0.13875412,POINT (46.0017319489 -1.3227556685000001),1629
coastal_migration_satellite_0_40k.1630,-0.94351744,POINT (46.0038849723 -1.3260063622),1630
coastal_migration_satellite_0_40k.2326,0.08610256,POINT (46.3912825779 -1.4974729673),2326
coastal_migration_satellite_0_40k.2327,2.23822332,POINT (46.3888341145 -1.4947210375),2327
coastal_migration_satellite_0_40k.2328,-0.08734096,POINT (46.3861420023 -1.492513051),2328
coastal_migration_satellite_0_40k.2329,-0.90484767,POINT (46.3834114416 -1.4903904999),2329
coastal_migration_satellite_0_40k.2330,-0.53998134,POINT (46.3806807444 -1.4882679487),2330
coastal_migration_satellite_0_40k.2331,-1.68042508,POINT (46.3778794574 -1.4863672422),2331
coastal_migration_satellite_0_40k.2332,-0.21832963,POINT (46.3749914339 -1.4847389597),2332
coastal_migration_satellite_0_40k.2333,0.10488377,POINT (46.3721032576 -1.4831106772),2333
coastal_migration_satellite_0_40k.2334,-0.27673423,POINT (46.3692149287 -1.4814823947),2334
coastal_migration_satellite_0_40k.2335,2.49904293,POINT (46.3662862832 -1.4800247594),2335
coastal_migration_satellite_0_40k.2336,1.20521597,POINT (46.363313338 -1.4787545055),2336
coastal_migration_satellite_0_40k.2337,1.93225529,POINT (46.360340231 -1.4774842515),2337
coastal_migration_satellite_0_40k.2338,1.01101702,POINT (46.3573669622 -1.4762139975),2338
coastal_migration_satellite_0_40k.2339,0.09265431,POINT (46.3543935317 -1.4749437435),2339
coastal_migration_satellite_0_40k.2340,0.2864931,POINT (46.3514199393 -1.4736734895999999),2340
coastal_migration_satellite_0_40k.2341,2.80711088,POINT (46.3485235388 -1.4720964789),2341
coastal_migration_satellite_0_40k.2342,1.8052684,POINT (46.3458393001 -1.4698934703),2342
coastal_migration_satellite_0_40k.2343,-0.25374038,POINT (46.3436628278 -1.466753554),2343
coastal_migration_satellite_0_40k.2344,-2.60644487,POINT (46.3423280099 -1.4627382308999999),2344
coastal_migration_satellite_0_40k.2345,-0.38261137,POINT (46.3417756311 -1.458330382),2345
coastal_migration_satellite_0_40k.2346,-0.59467814,POINT (46.341693289 -1.4538466265),2346
coastal_migration_satellite_0_40k.2347,-0.56461825,POINT (46.3418429673 -1.4493646338000001),2347
coastal_migration_satellite_0_40k.2348,1.65066711,POINT (46.3421054753 -1.4448891822),2348
coastal_migration_satellite_0_40k.2349,0.95813588,POINT (46.342367982 -1.4404137306),2349
coastal_migration_satellite_0_40k.2350,-1.97280247,POINT (46.3426304875 -1.4359382790000002),2350
coastal_migration_satellite_0_40k.2351,-1.92914562,POINT (46.3428040857 -1.4314545622),2351
coastal_migration_satellite_0_40k.2352,1.53334085,POINT (46.3429386825 -1.4269672195),2352
coastal_migration_satellite_0_40k.2353,-0.65885649,POINT (46.343073279 -1.4224798767),2353
coastal_migration_satellite_0_40k.2354,-0.54691326,POINT (46.3430586031 -1.4179905794),2354
coastal_migration_satellite_0_40k.2355,-0.7381107,POINT (46.3429800291 -1.4135004453),2355
coastal_migration_satellite_0_40k.2356,0.45474552,POINT (46.3429014549 -1.4090103113),2356
coastal_migration_satellite_0_40k.2357,-0.08583965,POINT (46.2506763509 -1.526949576),2357
coastal_migration_satellite_0_40k.2358,-4.18809851,POINT (46.2490527277 -1.5307786121),2358
coastal_migration_satellite_0_40k.2359,-1.95708562,POINT (46.2474290564 -1.5346076483000002),2359
coastal_migration_satellite_0_40k.2360,-2.43521897,POINT (46.2460680757 -1.5386399744),2360
coastal_migration_satellite_0_40k.2361,-2.6115867,POINT (46.244766191 -1.5427180179),2361
coastal_migration_satellite_0_40k.2362,-3.5659655,POINT (46.2438162537 -1.5469811755),2362
coastal_migration_satellite_0_40k.2363,-1.84845588,POINT (46.2433318983 -1.5514094073),2363
coastal_migration_satellite_0_40k.2364,-3.21081616,POINT (46.2429517239 -1.555867219),2364
coastal_migration_satellite_0_40k.2365,2.33997314,POINT (46.2417787422 -1.559704076),2365
coastal_migration_satellite_0_40k.2366,-0.37732571,POINT (46.2387669356 -1.5596641318),2366
coastal_migration_satellite_0_40k.2367,-1.9932639,POINT (46.2357806293 -1.5584258284999999),2367
coastal_migration_satellite_0_40k.2368,-4.48724474,POINT (46.2329956477 -1.5564430812999999),2368
coastal_migration_satellite_0_40k.2369,-0.00784919,POINT (46.2303604717 -1.5540635394),2369
coastal_migration_satellite_0_40k.2370,-0.38532275,POINT (46.2277251692 -1.5516839974),2370
coastal_migration_satellite_0_40k.2371,0.13462692,POINT (46.2250897402 -1.5493044555000002),2371
coastal_migration_satellite_0_40k.2372,-1.1725664,POINT (46.2224541846 -1.5469249135),2372
coastal_migration_satellite_0_40k.2373,0.02794148,POINT (46.2197851512 -1.544631863),2373
coastal_migration_satellite_0_40k.2374,-0.7519316,POINT (46.2169994542 -1.5426406656),2374
coastal_migration_satellite_0_40k.2375,0.29237549,POINT (46.2141244873 -1.5409428826),2375
coastal_migration_satellite_0_40k.2376,-1.9116111,POINT (46.2112247204 -1.5393261431),2376
coastal_migration_satellite_0_40k.2377,-1.04598915,POINT (46.2084763983 -1.5372393393000001),2377
coastal_migration_satellite_0_40k.2378,-2.43409611,POINT (46.2060715405 -1.5344641515),2378
coastal_migration_satellite_0_40k.2379,1.25395951,POINT (46.2040177026 -1.5311126946),2379
coastal_migration_satellite_0_40k.2380,-1.75883109,POINT (46.2024300742 -1.5272602297),2380
coastal_migration_satellite_0_40k.2381,-0.43402765,POINT (46.2013484891 -1.4789634431),2381
coastal_migration_satellite_0_40k.2382,1.22352797,POINT (46.2018668371 -1.4745429694),2382
coastal_migration_satellite_0_40k.2383,-1.31771709,POINT (46.2020277226 -1.4700722649),2383
coastal_migration_satellite_0_40k.2384,-3.67252227,POINT (46.2014133872 -1.4656901509),2384
coastal_migration_satellite_0_40k.2385,-0.49973688,POINT (46.2035655218 -1.4089984689000001),2385
coastal_migration_satellite_0_40k.2386,-4.23174102,POINT (46.2042036807 -1.4133943814),2386
coastal_migration_satellite_0_40k.2387,-5.29734539,POINT (46.2048418345 -1.4177902939),2387
coastal_migration_satellite_0_40k.2388,-15.94623515,POINT (46.205943456 -1.4219899790000001),2388
coastal_migration_satellite_0_40k.2389,-23.33479451,POINT (46.2073025625 -1.4260163907),2389
coastal_migration_satellite_0_40k.2390,-7.5143543,POINT (46.2090308751 -1.4297253995),2390
coastal_migration_satellite_0_40k.2391,-9.91272572,POINT (46.2113130318 -1.4327026994),2391
coastal_migration_satellite_0_40k.2392,-9.00473788,POINT (46.2142153305 -1.4333923721000001),2392
coastal_migration_satellite_0_40k.2393,-2.5607335,POINT (46.216243372 -1.4301660818),2393
coastal_migration_satellite_0_40k.2394,0.13404117,POINT (46.2176396264 -1.4261533166),2394
coastal_migration_satellite_0_40k.2395,-0.15279402,POINT (46.2195363516 -1.4226146339),2395
coastal_migration_satellite_0_40k.2396,0.79554177,POINT (46.2218290403 -1.4195825264),2396
coastal_migration_satellite_0_40k.2397,0.19916453,POINT (46.2242325377 -1.4167638769),2397
coastal_migration_satellite_0_40k.2398,0.06144722,POINT (46.2268870798 -1.4144290496),2398
coastal_migration_satellite_0_40k.2399,-2.23950571,POINT (46.2297694676 -1.4137893315),2399
coastal_migration_satellite_0_40k.2400,-6.71259001,POINT (46.2303499481 -1.4180350151),2400
coastal_migration_satellite_0_40k.2401,-4.78306738,POINT (46.2301868388 -1.4225039963000001),2401
coastal_migration_satellite_0_40k.2402,-3.2061339,POINT (46.2298603993 -1.4269707148),2402
coastal_migration_satellite_0_40k.2403,-1.78468045,POINT (46.22963991 -1.4314485053000001),2403
coastal_migration_satellite_0_40k.2404,-5.26974284,POINT (46.229518557 -1.4359366547),2404
coastal_migration_satellite_0_40k.2405,-3.31765525,POINT (46.2293972038 -1.4404248041),2405
coastal_migration_satellite_0_40k.2406,-2.17868156,POINT (46.2291994937 -1.4449013411),2406
coastal_migration_satellite_0_40k.2407,-0.76716058,POINT (46.2286721326 -1.4493277524),2407
coastal_migration_satellite_0_40k.2408,-3.59348315,POINT (46.2276078409 -1.453514718),2408
coastal_migration_satellite_0_40k.2409,-3.74736171,POINT (46.2257804266 -1.4571474423000002),2409
coastal_migration_satellite_0_40k.2410,0.86106135,POINT (46.223858411 -1.4606662206),2410
coastal_migration_satellite_0_40k.2411,-0.6543534,POINT (46.2217155383 -1.4639190821999999),2411
coastal_migration_satellite_0_40k.2412,-7.14498949,POINT (46.219572582 -1.4671719438),2412
coastal_migration_satellite_0_40k.2413,-3.56583777,POINT (46.217429542 -1.4704248054),2413
coastal_migration_satellite_0_40k.2414,-4.13404083,POINT (46.2152864184 -1.473677667),2414
coastal_migration_satellite_0_40k.2415,-2.43921341,POINT (46.2132817638 -1.4771090755),2415
coastal_migration_satellite_0_40k.2416,-1.18080785,POINT (46.2112904709 -1.4805577638),2416
coastal_migration_satellite_0_40k.2417,-3.77112285,POINT (46.209537589600004 -1.4842437871),2417
coastal_migration_satellite_0_40k.2418,1.33607794,POINT (46.2087433287 -1.4884908418),2418
coastal_migration_satellite_0_40k.2419,-15.8381555,POINT (46.2100099823 -1.4924818087),2419
coastal_migration_satellite_0_40k.2420,-51.19822511,POINT (46.2121815283 -1.4956953515),2420
coastal_migration_satellite_0_40k.2421,-5.8123447,POINT (46.2141656032 -1.4991281472),2421
coastal_migration_satellite_0_40k.2422,2.50276663,POINT (46.2158895912 -1.5028653646999999),2422
coastal_migration_satellite_0_40k.2423,-0.58761096,POINT (46.2176135251 -1.5066025822),2423
coastal_migration_satellite_0_40k.2424,-0.18347215,POINT (46.2196364953 -1.5099812752),2424
coastal_migration_satellite_0_40k.2425,0.32992894,POINT (46.2220615818 -1.5127779615999999),2425
coastal_migration_satellite_0_40k.2426,1.80877687,POINT (46.224792881 -1.5149027195),2426
coastal_migration_satellite_0_40k.2427,2.70105968,POINT (46.2275995348 -1.5167993687),2427
coastal_migration_satellite_0_40k.2428,-3.12601979,POINT (46.2300942895 -1.5105028121),2428
coastal_migration_satellite_0_40k.2429,-1.09340554,POINT (46.2279419005 -1.5072669146000002),2429
coastal_migration_satellite_0_40k.2430,-4.05530762,POINT (46.2260907864 -1.5037418205000002),2430
coastal_migration_satellite_0_40k.2431,-19.68949336,POINT (46.2268942129 -1.5001702966),2431
coastal_migration_satellite_0_40k.2432,-31.93828663,POINT (46.2298129927 -1.4986299555),2432
coastal_migration_satellite_0_40k.2433,-0.5819472,POINT (46.232127793 -1.4961726034),2433
coastal_migration_satellite_0_40k.2434,-10.3635008,POINT (46.2311125879 -1.4919806137),2434
coastal_migration_satellite_0_40k.2435,-1.86498944,POINT (46.2297999512 -1.4879095420000001),2435
coastal_migration_satellite_0_40k.2436,-1.74833165,POINT (46.2294523672 -1.4835930744999999),2436
coastal_migration_satellite_0_40k.2437,0.76293605,POINT (46.2310193859 -1.4799880024),2437
coastal_migration_satellite_0_40k.2438,-0.27459984,POINT (46.2339017693 -1.4785610066000001),2438
coastal_migration_satellite_0_40k.2439,-2.79430432,POINT (46.2369835931 -1.4786890525),2439
coastal_migration_satellite_0_40k.2440,-0.66517119,POINT (46.2399967439 -1.4796516285),2440
coastal_migration_satellite_0_40k.2441,1.05898855,POINT (46.2429275518 -1.4811205722),2441
coastal_migration_satellite_0_40k.2442,0.61843677,POINT (46.2456264004 -1.483344411),2442
coastal_migration_satellite_0_40k.2443,-0.29036796,POINT (46.2481850731 -1.4858542281),2443
coastal_migration_satellite_0_40k.2444,0.39107497,POINT (46.2505325924 -1.4887953415),2444
coastal_migration_satellite_0_40k.2445,0.84036218,POINT (46.2527039307 -1.4919907645000001),2445
coastal_migration_satellite_0_40k.2446,1.32837854,POINT (46.2546444141 -1.4954880903),2446
coastal_migration_satellite_0_40k.2447,0.62598269,POINT (46.2562360355 -1.4993259563999999),2447
coastal_migration_satellite_0_40k.2448,0.26398672,POINT (46.2571560991 -1.5035821815000001),2448
coastal_migration_satellite_0_40k.2449,-0.30347577,POINT (46.2571742105 -1.5080346619),2449
coastal_migration_satellite_0_40k.2450,-0.79662396,POINT (46.2564037124 -1.5123598253),2450
coastal_migration_satellite_0_40k.2451,-0.06524102,POINT (46.2551064838 -1.5164214341),2451
coastal_migration_satellite_0_40k.2452,0.03455379,POINT (46.2534926756 -1.5202590226),2452
coastal_migration_satellite_0_40k.5560,0.05164278,POINT (45.7870566005 -1.1191975251),5560
coastal_migration_satellite_0_40k.5561,-0.64319303,POINT (45.7847771497 -1.1161170417),5561
coastal_migration_satellite_0_40k.5562,0.89349161,POINT (45.7824976056 -1.1130365583),5562
coastal_migration_satellite_0_40k.5563,-0.73994004,POINT (45.7802179684 -1.1099560749),5563
coastal_migration_satellite_0_40k.5564,-1.39935373,POINT (45.7780839175 -1.1066710115),5564
coastal_migration_satellite_0_40k.5565,1.22141314,POINT (45.7759837281 -1.1033383318),5565
coastal_migration_satellite_0_40k.5566,-0.16177205,POINT (45.7740767867 -1.0997764802),5566
coastal_migration_satellite_0_40k.5567,-0.89364907,POINT (45.7721887282 -1.0961922078),5567
coastal_migration_satellite_0_40k.5568,-1.63570314,POINT (45.770347975199996 -1.0925629341),5568
coastal_migration_satellite_0_40k.5619,-3.56944465,POINT (45.7548383333 -1.0897257996),5619
coastal_migration_satellite_0_40k.5620,-0.34790513,POINT (45.7566795619 -1.0933581512),5620
coastal_migration_satellite_0_40k.5621,0.39779703,POINT (45.7587033022 -1.0967875403),5621
coastal_migration_satellite_0_40k.5622,0.45912292,POINT (45.7607269692 -1.1002169295),5622
coastal_migration_satellite_0_40k.5623,-0.71718209,POINT (45.7629505085 -1.1033751021),5623
coastal_migration_satellite_0_40k.5624,-0.67882901,POINT (45.7653695613 -1.1062148914),5624
coastal_migration_satellite_0_40k.5625,-0.25384493,POINT (45.7679087645 -1.1088463597),5625
coastal_migration_satellite_0_40k.5626,-1.08893286,POINT (45.7704263062 -1.1115182405),5626
coastal_migration_satellite_0_40k.5627,1.43012952,POINT (45.7728654147 -1.1143371826),5627
coastal_migration_satellite_0_40k.5628,0.72977262,POINT (45.7753044166 -1.1171561247),5628
coastal_migration_satellite_0_40k.5629,-0.84441527,POINT (45.7777057434 -1.1200395415),5629
coastal_migration_satellite_0_40k.6549,3.70352909,POINT (46.1999750893 -1.5205016775),6549
coastal_migration_satellite_0_40k.6550,-0.38674066,POINT (46.1985303803 -1.5165245473),6550
coastal_migration_satellite_0_40k.6551,-0.58400534,POINT (46.1973310138 -1.5123842602000002),6551
coastal_migration_satellite_0_40k.6552,0.30796131,POINT (46.196179897 -1.5082118965),6552
coastal_migration_satellite_0_40k.6553,0.1973898,POINT (46.1953892492 -1.5038817279),6553
coastal_migration_satellite_0_40k.6554,0.10920273,POINT (46.1955018568 -1.4994257779),6554
coastal_migration_satellite_0_40k.6555,-0.1287357,POINT (46.1965726907 -1.4952321666000001),6555
coastal_migration_satellite_0_40k.6556,0.07959479,POINT (46.19822327 -1.4914260077),6556
coastal_migration_satellite_0_40k.6557,-0.22674769,POINT (46.1988469183 -1.4547727816),6557
coastal_migration_satellite_0_40k.6558,-0.2536456,POINT (46.1974934764 -1.4507291715),6558
coastal_migration_satellite_0_40k.6559,-0.31143557,POINT (46.1961400012 -1.4466855614),6559
coastal_migration_satellite_0_40k.6560,1.30553521,POINT (46.1947864927 -1.4426419513),6560
coastal_migration_satellite_0_40k.6561,-0.33200171,POINT (46.1934329508 -1.4385983413),6561
coastal_migration_satellite_0_40k.6562,-0.31158491,POINT (46.191981732 -1.4346260871),6562
coastal_migration_satellite_0_40k.6563,-1.01442203,POINT (46.1905289143 -1.4306549659),6563
coastal_migration_satellite_0_40k.6564,-0.72243521,POINT (46.1890760582 -1.4266838446),6564
coastal_migration_satellite_0_40k.6565,-0.43962032,POINT (46.1876231637 -1.4227127234),6565
coastal_migration_satellite_0_40k.6566,-0.34362743,POINT (46.1861702308 -1.4187416020999999),6566
coastal_migration_satellite_0_40k.6567,-0.02444034,POINT (46.1847172595 -1.4147704809000001),6567
coastal_migration_satellite_0_40k.6568,0.28655929,POINT (46.1832642498 -1.4107993596),6568
coastal_migration_satellite_0_40k.6569,0.58770079,POINT (46.1818112016 -1.4068282384000002),6569
coastal_migration_satellite_0_40k.6570,-4.03203074,POINT (46.0429443504 -1.4082917893),6570
coastal_migration_satellite_0_40k.6571,-2.46581992,POINT (46.0398624363 -1.4087925886),6571
coastal_migration_satellite_0_40k.6572,-2.28407711,POINT (46.0367648693 -1.4083366668),6572
coastal_migration_satellite_0_40k.6573,-2.5893471,POINT (46.0337523623 -1.4071838625),6573
coastal_migration_satellite_0_40k.6574,-1.54261885,POINT (46.0307429383 -1.40600739),6574
coastal_migration_satellite_0_40k.7364,2.34269304,POINT (45.993947787 -1.0909810228),7364
coastal_migration_satellite_0_40k.7365,-0.37183403,POINT (45.9945309469 -1.0953934664),7365
coastal_migration_satellite_0_40k.7366,0.92549621,POINT (45.9959415176 -1.0993728584),7366
coastal_migration_satellite_0_40k.7367,0.26913595,POINT (45.9974635245 -1.1032938639),7367
coastal_migration_satellite_0_40k.7368,0.57517811,POINT (45.9979223396 -1.1075237738),7368
coastal_migration_satellite_0_40k.7369,-1.6051761,POINT (45.9950901074 -1.1069626142),7369
coastal_migration_satellite_0_40k.7370,-0.7949853,POINT (45.9925469809 -1.1043841129),7370
coastal_migration_satellite_0_40k.7371,-0.79272055,POINT (45.9900504995 -1.1016891671),7371
coastal_migration_satellite_0_40k.7372,-1.36374266,POINT (45.9877209035 -1.098712517),7372
coastal_migration_satellite_0_40k.7373,0.3310618,POINT (45.9854792107 -1.0955875386),7373
coastal_migration_satellite_0_40k.7374,-0.12923187,POINT (45.9832374271 -1.0924625602),7374
coastal_migration_satellite_0_40k.7375,-0.93198194,POINT (45.9809914759 -1.0893443893),7375
coastal_migration_satellite_0_40k.7465,-12.44682439,POINT (45.9474895698 -1.0913610351),7465
coastal_migration_satellite_0_40k.7466,-0.44167322,POINT (45.9451472071 -1.0938218242),7466
coastal_migration_satellite_0_40k.7467,1.16881204,POINT (45.9425673891 -1.0914712709),7467
coastal_migration_satellite_0_40k.7486,3.14867503,POINT (45.890859121 -1.090339187),7486
coastal_migration_satellite_0_40k.7487,-0.39451,POINT (45.8884213699 -1.093151329),7487
coastal_migration_satellite_0_40k.7488,4.00070703,POINT (45.8859835118 -1.0959634711),7488
coastal_migration_satellite_0_40k.7489,0.1099204,POINT (45.8835259139 -1.0987347025),7489
coastal_migration_satellite_0_40k.7490,-1.26652807,POINT (45.8807844273 -1.1008623532),7490
coastal_migration_satellite_0_40k.7491,1.95720602,POINT (45.8778260713 -1.1022982208),7491
coastal_migration_satellite_0_40k.7492,38.20930728,POINT (45.8751488656 -1.1046192231),7492
coastal_migration_satellite_0_40k.7493,22.65105033,POINT (45.8725655642 -1.1071386222),7493
coastal_migration_satellite_0_40k.7494,-6.41463697,POINT (45.8700809756 -1.1098663807),7494
coastal_migration_satellite_0_40k.7495,-3.76822207,POINT (45.8676596773 -1.1127046762),7495
coastal_migration_satellite_0_40k.7496,-11.40758484,POINT (45.8653203271 -1.1156859209),7496
coastal_migration_satellite_0_40k.7497,-3.0769601,POINT (45.8631926721 -1.1189454118),7497
coastal_migration_satellite_0_40k.7498,-4.10943688,POINT (45.9612323193 -1.1209003725),7498
coastal_migration_satellite_0_40k.7499,-0.59348864,POINT (45.9582882216 -1.1221130373000001),7499
coastal_migration_satellite_0_40k.7500,-0.60827066,POINT (45.9553111085 -1.1208981003),7500
coastal_migration_satellite_0_40k.7501,-2.52839193,POINT (45.9529372576 -1.1180504108),7501
coastal_migration_satellite_0_40k.7502,0.31541497,POINT (45.9514367812 -1.1141554645),7502
coastal_migration_satellite_0_40k.7503,0.60731795,POINT (45.951254278 -1.1097018936),7503
coastal_migration_satellite_0_40k.7504,1.44149344,POINT (45.95180998 -1.1053504948),7504
coastal_migration_satellite_0_40k.7505,9.90926833,POINT (45.9540840473 -1.1029314838),7505
coastal_migration_satellite_0_40k.7506,1.86308392,POINT (45.9570300796 -1.1043118353999999),7506
coastal_migration_satellite_0_40k.7507,1.89534783,POINT (45.9597678305 -1.1064523801),7507
coastal_migration_satellite_0_40k.7508,-3.12333503,POINT (45.9621441924 -1.1093565117),7508
coastal_migration_satellite_0_40k.7509,-3.97175084,POINT (45.9639764662 -1.1128845435999999),7509
coastal_migration_satellite_0_40k.7510,-0.28343885,POINT (45.9636633816 -1.1172044598),7510
coastal_migration_satellite_0_40k.7882,-0.69875053,POINT (46.3427127973 -1.3982294706),7882
coastal_migration_satellite_0_40k.7883,-0.90759783,POINT (46.3426342228 -1.3937393365),7883
coastal_migration_satellite_0_40k.7884,-0.9041551,POINT (46.3425556481 -1.3892492024),7884
coastal_migration_satellite_0_40k.7885,-2.04018627,POINT (46.3424770733 -1.3847590684),7885
coastal_migration_satellite_0_40k.7886,-1.31763049,POINT (46.3423984984 -1.3802689343),7886
coastal_migration_satellite_0_40k.7887,-0.51455637,POINT (46.3423199234 -1.3757788003),7887
coastal_migration_satellite_0_40k.7888,-0.27352173,POINT (46.3420697184 -1.3713024729),7888
coastal_migration_satellite_0_40k.7889,-7.79357192,POINT (46.3418045818 -1.3668273464),7889
coastal_migration_satellite_0_40k.7890,-7.04891544,POINT (46.341539444 -1.3623522199),7890
coastal_migration_satellite_0_40k.7891,-5.19757027,POINT (46.341037718 -1.3579258486),7891
coastal_migration_satellite_0_40k.7892,-2.17780044,POINT (46.3400684797 -1.3536774674),7892
coastal_migration_satellite_0_40k.7893,-1.83234671,POINT (46.3388612701 -1.3495475711),7893
coastal_migration_satellite_0_40k.7894,-2.54819171,POINT (46.337210708 -1.3457451123),7894
coastal_migration_satellite_0_40k.7895,-1.43148688,POINT (46.3353541891 -1.3421509622),7895
coastal_migration_satellite_0_40k.7896,-1.7369473,POINT (46.3333504323 -1.3387286123),7896
coastal_migration_satellite_0_40k.7897,-2.11652172,POINT (46.3312100368 -1.3354834013),7897
coastal_migration_satellite_0_40k.7898,-0.87957522,POINT (46.3288512889 -1.3325670135),7898
coastal_migration_satellite_0_40k.7899,0.43724047,POINT (46.3264924392 -1.3296506257),7899
coastal_migration_satellite_0_40k.7900,-0.45129893,POINT (46.3240634 -1.3268725704),7900
coastal_migration_satellite_0_40k.7901,0.27506392,POINT (46.3214352467 -1.3244869038),7901
coastal_migration_satellite_0_40k.7902,1.05363172,POINT (46.3188069671 -1.3221012373),7902
coastal_migration_satellite_0_40k.7903,3.11027514,POINT (46.316134159 -1.3198316366),7903
coastal_migration_satellite_0_40k.7904,2.88646677,POINT (46.3133438214 -1.3178685914),7904
coastal_migration_satellite_0_40k.7905,3.1452441,POINT (46.3105533415 -1.3159055462),7905
coastal_migration_satellite_0_40k.7906,3.92787386,POINT (46.3077719477 -1.3139167883),7906
coastal_migration_satellite_0_40k.7907,3.79054667,POINT (46.3050601292 -1.3117341687000001),7907
coastal_migration_satellite_0_40k.7908,1.73979539,POINT (46.3024028505 -1.3094228872),7908
coastal_migration_satellite_0_40k.7909,-2.81863532,POINT (46.2998346308 -1.3069019057),7909
coastal_migration_satellite_0_40k.7910,-1.03635431,POINT (46.2972662907 -1.3043809241),7910
coastal_migration_satellite_0_40k.7911,3.05443795,POINT (46.2948553315 -1.3015822822),7911
coastal_migration_satellite_0_40k.7912,4.18602569,POINT (46.2926474002 -1.2984258022000001),7912
coastal_migration_satellite_0_40k.7913,4.14626501,POINT (46.2907230302 -1.2949108464),7913
coastal_migration_satellite_0_40k.7914,-2.3177541,POINT (46.288940984 -1.2912424845000001),7914
coastal_migration_satellite_0_40k.7915,-8.27344859,POINT (46.2874353403 -1.2873147708000001),7915
coastal_migration_satellite_0_40k.7916,-4.10383074,POINT (46.2862032154 -1.2832030322999999),7916
coastal_migration_satellite_0_40k.7917,-1.811432,POINT (46.2852033943 -1.2789611941),7917
coastal_migration_satellite_0_40k.7918,-10.27533783,POINT (46.2845741991 -1.2745628627),7918
coastal_migration_satellite_0_40k.7919,6.96104782,POINT (46.2844837834 -1.2700827035),7919
coastal_migration_satellite_0_40k.7920,-5.48586132,POINT (46.2850488592 -1.2657039106),7920
coastal_migration_satellite_0_40k.7921,0.35287289,POINT (46.2897751431 -1.2544187975),7921
coastal_migration_satellite_0_40k.7922,-0.70598193,POINT (46.2890845385 -1.2500871685),7922
coastal_migration_satellite_0_40k.7923,-0.34422584,POINT (46.2876020059 -1.2461546376000001),7923
coastal_migration_satellite_0_40k.7924,-0.84856156,POINT (46.2857118446 -1.2425993605),7924
coastal_migration_satellite_0_40k.7925,-0.22216448,POINT (46.2837606419 -1.2391061536),7925
coastal_migration_satellite_0_40k.7926,-1.21510169,POINT (46.2818093696 -1.2356129466),7926
coastal_migration_satellite_0_40k.7927,-2.23576111,POINT (46.2798580279 -1.2321197397),7927
coastal_migration_satellite_0_40k.7928,-0.21598602,POINT (46.2780603017 -1.2284600029),7928
coastal_migration_satellite_0_40k.7929,-0.87370497,POINT (46.2762927915 -1.2247674941),7929
coastal_migration_satellite_0_40k.7930,0.19809789,POINT (46.274723599 -1.2209023608),7930
coastal_migration_satellite_0_40k.7931,-0.22652352,POINT (46.2732978745 -1.2169124064),7931
coastal_migration_satellite_0_40k.7932,-1.09653895,POINT (46.2724564886 -1.2125970375),7932
coastal_migration_satellite_0_40k.7933,-3.29765313,POINT (46.2731174181 -1.2089720392),7933
coastal_migration_satellite_0_40k.7934,5.67926014,POINT (46.2762080839 -1.2085471649),7934
coastal_migration_satellite_0_40k.7935,-2.78369679,POINT (46.2792985754 -1.2081222906),7935
coastal_migration_satellite_0_40k.7936,-32.23318092,POINT (46.2823841241 -1.2076635216),7936
coastal_migration_satellite_0_40k.7937,-8.04088297,POINT (46.285345328 -1.2063165737000001),7937
coastal_migration_satellite_0_40k.7938,-22.08883724,POINT (46.2882744402 -1.2048527059),7938
coastal_migration_satellite_0_40k.7939,61.06326704,POINT (46.291048555 -1.2028438381),7939
coastal_migration_satellite_0_40k.7940,-34.97797807,POINT (46.2937050461 -1.2005263417),7940
coastal_migration_satellite_0_40k.7941,-19.63098807,POINT (46.2962184408 -1.1978915695),7941
coastal_migration_satellite_0_40k.7942,-310.9020776,POINT (46.2987317201 -1.1952567973),7942
coastal_migration_satellite_0_40k.7943,-16.78005095,POINT (46.30544861 -1.1859804209),7943
coastal_migration_satellite_0_40k.7944,66.16965936,POINT (46.3097494472 -1.1741363819),7944
coastal_migration_satellite_0_40k.7945,-53.28500186,POINT (46.310374662 -1.1697435446),7945
coastal_migration_satellite_0_40k.7946,-2.12159947,POINT (46.3043577087 -1.1363949943),7946
coastal_migration_satellite_0_40k.7947,-2.85598339,POINT (46.3016844513 -1.1341249704),7947
coastal_migration_satellite_0_40k.7948,-0.88174601,POINT (46.2987712141 -1.132577833),7948
coastal_migration_satellite_0_40k.7949,-33.46460854,POINT (46.2598491801 -1.1292589963),7949
coastal_migration_satellite_0_40k.7950,-0.94976269,POINT (46.2573744427 -1.1319724552000001),7950
coastal_migration_satellite_0_40k.7951,-1.96922218,POINT (46.2549001284 -1.1346869486),7951
coastal_migration_satellite_0_40k.7952,-6.25803478,POINT (46.2524257024 -1.1374014421),7952
coastal_migration_satellite_0_40k.7953,0.65146024,POINT (46.2499159785 -1.1400400299),7953
coastal_migration_satellite_0_40k.7954,3.32403658,POINT (46.2471957992 -1.1421921394),7954
coastal_migration_satellite_0_40k.7955,-15.41651064,POINT (46.2443493989 -1.1439682908),7955
coastal_migration_satellite_0_40k.7956,-3.61856944,POINT (46.2420161316 -1.1469334576999999),7956
coastal_migration_satellite_0_40k.7957,-16.18458863,POINT (46.2396827651 -1.1498986246),7957
coastal_migration_satellite_0_40k.7958,-0.21805305,POINT (46.2373730529 -1.1528998556),7958
coastal_migration_satellite_0_40k.7959,-1.58441159,POINT (46.2352131285 -1.1561283274),7959
coastal_migration_satellite_0_40k.7960,-1.48394288,POINT (46.2330763085 -1.1593875075),7960
coastal_migration_satellite_0_40k.7961,-0.53194721,POINT (46.2310425827 -1.1627831742),7961
coastal_migration_satellite_0_40k.7962,-0.28311955,POINT (46.2290087815 -1.1661788408),7962
coastal_migration_satellite_0_40k.7963,-0.3619592,POINT (46.226974905 -1.1695745075),7963
coastal_migration_satellite_0_40k.7964,-0.7578406,POINT (46.2249473215 -1.1729776905),7964
coastal_migration_satellite_0_40k.7965,-0.72383824,POINT (46.2230601881 -1.1765461517),7965
coastal_migration_satellite_0_40k.7966,1.21573665,POINT (46.2211978643 -1.180140431),7966
coastal_migration_satellite_0_40k.7967,-0.30041203,POINT (46.2194633166 -1.1838672668),7967
coastal_migration_satellite_0_40k.7968,-1.18186208,POINT (46.2177287142 -1.1875941026),7968
coastal_migration_satellite_0_40k.7969,-1.20080539,POINT (46.215994057 -1.1913209384),7969
coastal_migration_satellite_0_40k.7970,-1.57303552,POINT (46.2141913386 -1.194967873),7970
coastal_migration_satellite_0_40k.7971,-1.15272759,POINT (46.2119526308 -1.1980671887),7971
coastal_migration_satellite_0_40k.7972,-1.01243834,POINT (46.2093081142 -1.2003799797),7972
coastal_migration_satellite_0_40k.7973,-1.46908041,POINT (46.2063418279 -1.2016307701),7973
coastal_migration_satellite_0_40k.7974,-2.78450815,POINT (46.2032496763 -1.2019111998),7974
coastal_migration_satellite_0_40k.7975,-0.80733153,POINT (46.2023214148 -1.3474506624),7975
coastal_migration_satellite_0_40k.7976,-1.61692442,POINT (46.2037211562 -1.3514611478),7976
coastal_migration_satellite_0_40k.7977,0.11230584,POINT (46.2047877711 -1.3556703771),7977
coastal_migration_satellite_0_40k.7978,-3.21836163,POINT (46.2055186586 -1.3600223995),7978
coastal_migration_satellite_0_40k.7979,-0.72495612,POINT (46.2059243353 -1.3644677567),7979
coastal_migration_satellite_0_40k.7980,-2.35638791,POINT (46.2059917972 -1.3689582753),7980
coastal_migration_satellite_0_40k.7981,-0.27210301,POINT (46.2057754697 -1.3734354205),7981
coastal_migration_satellite_0_40k.7982,0.03039259,POINT (46.2054494625 -1.3779004595),7982
coastal_migration_satellite_0_40k.7983,-1.96594904,POINT (46.2049908034 -1.3823428744),7983
coastal_migration_satellite_0_40k.7984,-1.32611984,POINT (46.2045321406 -1.3867852894000001),7984
coastal_migration_satellite_0_40k.7985,-0.24989247,POINT (46.2040734739 -1.3912277043),7985
coastal_migration_satellite_0_40k.7986,-0.51946276,POINT (46.2036538606 -1.3956747642),7986
coastal_migration_satellite_0_40k.8867,-1.38839367,POINT (46.1013554944 -1.1176841138),8867
coastal_migration_satellite_0_40k.8868,-4.04236542,POINT (46.1001183873 -1.1135821917),8868
coastal_migration_satellite_0_40k.8869,-2.86809291,POINT (46.0984082926 -1.1098426199),8869
coastal_migration_satellite_0_40k.8870,-1.76995638,POINT (46.0962546684 -1.1065978256),8870
coastal_migration_satellite_0_40k.8871,-0.80850457,POINT (46.0937108287 -1.1040093192),8871
coastal_migration_satellite_0_40k.8872,-3.31738283,POINT (46.0909740176 -1.1018887088),8872
coastal_migration_satellite_0_40k.8873,-2.64969915,POINT (46.0881200774 -1.1001076237),8873
coastal_migration_satellite_0_40k.8874,0.12150719,POINT (46.0851694736 -1.0986668585000001),8874
coastal_migration_satellite_0_40k.8875,5.12156785,POINT (46.0821483531 -1.0975925731),8875
coastal_migration_satellite_0_40k.8876,-1.33716745,POINT (46.0791036333 -1.0966401996),8876
coastal_migration_satellite_0_40k.8877,-0.83503249,POINT (46.0760587456 -1.0956878261),8877
coastal_migration_satellite_0_40k.8878,0.71003752,POINT (46.0730136898 -1.0947354526),8878
coastal_migration_satellite_0_40k.8879,1.02601717,POINT (46.0699684659 -1.0937830791),8879
coastal_migration_satellite_0_40k.8880,0.6768493,POINT (46.0669230741 -1.0928307056),8880
coastal_migration_satellite_0_40k.8881,0.18009335,POINT (46.0638917733 -1.0917929661),8881
coastal_migration_satellite_0_40k.8882,-0.42461359,POINT (46.0608810818 -1.0906338713000001),8882
coastal_migration_satellite_0_40k.9124,-10.32002954,POINT (46.4306262721 -1.6568667320000001),9124
coastal_migration_satellite_0_40k.9125,-37.99582159,POINT (46.4282500952 -1.6540088355),9125
coastal_migration_satellite_0_40k.9126,2.69449154,POINT (46.4257903218 -1.6512813483),9126
coastal_migration_satellite_0_40k.9127,2.90992961,POINT (46.4233304375 -1.6485538611),9127
coastal_migration_satellite_0_40k.9128,2.22059915,POINT (46.4210632255 -1.6455194485),9128
coastal_migration_satellite_0_40k.9129,1.75570005,POINT (46.4192735803 -1.6418844931),9129
coastal_migration_satellite_0_40k.9130,-0.30961432,POINT (46.4185066586 -1.6375585139000002),9130
coastal_migration_satellite_0_40k.9131,2.45240282,POINT (46.4175218181 -1.6333334042),9131
coastal_migration_satellite_0_40k.9132,6.56593922,POINT (46.4161766867 -1.6292877527),9132
coastal_migration_satellite_0_40k.9133,4.82384696,POINT (46.4148315221 -1.6252421012),9133
coastal_migration_satellite_0_40k.9134,2.44329117,POINT (46.4139896845 -1.620926527),9134
coastal_migration_satellite_0_40k.9135,2.42896582,POINT (46.413197113 -1.6165845531),9135
coastal_migration_satellite_0_40k.9136,4.59606158,POINT (46.4125643196 -1.6121920528),9136
coastal_migration_satellite_0_40k.9137,1.63174707,POINT (46.4120390177 -1.6077655679),9137
coastal_migration_satellite_0_40k.9138,1.92040992,POINT (46.4115137109 -1.6033390829),9138
coastal_migration_satellite_0_40k.9139,2.46666572,POINT (46.4109883989 -1.598912598),9139
coastal_migration_satellite_0_40k.9140,3.95264915,POINT (46.4104630819 -1.5944861129999999),9140
coastal_migration_satellite_0_40k.9141,-0.08749234,POINT (46.4099377598 -1.5900596281000001),9141
coastal_migration_satellite_0_40k.9142,1.37989248,POINT (46.4094124327 -1.5856331432),9142
coastal_migration_satellite_0_40k.9143,0.96071274,POINT (46.4088871005 -1.5812066582000002),9143
coastal_migration_satellite_0_40k.9144,2.36010927,POINT (46.4084569161 -1.5767597358),9144
coastal_migration_satellite_0_40k.9145,2.76917674,POINT (46.408075129 -1.5723024193000001),9145
coastal_migration_satellite_0_40k.9146,1.06967204,POINT (46.4077924549 -1.5678305162),9146
coastal_migration_satellite_0_40k.9147,-0.67983549,POINT (46.4075490933 -1.5633528281),9147
coastal_migration_satellite_0_40k.9148,2.83675644,POINT (46.4073883781 -1.5588683589999999),9148
coastal_migration_satellite_0_40k.9149,2.21664466,POINT (46.4072819665 -1.5543794346),9149
coastal_migration_satellite_0_40k.9150,1.01646475,POINT (46.4071755547 -1.5498905102),9150
coastal_migration_satellite_0_40k.9151,-2.02298963,POINT (46.4070691427 -1.5454015858),9151
coastal_migration_satellite_0_40k.9152,2.36669342,POINT (46.4069627305 -1.5409126613000002),9152
coastal_migration_satellite_0_40k.9153,0.97192481,POINT (46.4068563181 -1.5364237369),9153
coastal_migration_satellite_0_40k.9154,1.39633699,POINT (46.4063813173 -1.5320064882),9154
coastal_migration_satellite_0_40k.9155,4.97461319,POINT (46.4056685892 -1.5276354607),9155
coastal_migration_satellite_0_40k.9156,2.93500288,POINT (46.4049558518 -1.5232644331),9156
coastal_migration_satellite_0_40k.9157,1.96422325,POINT (46.403691544 -1.5191815384),9157
coastal_migration_satellite_0_40k.9158,1.74751698,POINT (46.4023185823 -1.5151553553000001),9158
coastal_migration_satellite_0_40k.9159,0.76734707,POINT (46.4008274338 -1.5112411298000001),9159
coastal_migration_satellite_0_40k.9160,1.50206939,POINT (46.3988372955 -1.5077993015),9160
coastal_migration_satellite_0_40k.9161,0.70651406,POINT (46.3968470847 -1.5043574732),9161
coastal_migration_satellite_0_40k.10843,0.25929551,POINT (46.1965559912 -1.2009884515),10843
coastal_migration_satellite_0_40k.10844,-2.52245591,POINT (46.1934756687 -1.2010208552),10844
coastal_migration_satellite_0_40k.10845,-2.54627317,POINT (46.1905680952 -1.2023751779),10845
coastal_migration_satellite_0_40k.10846,-1.64755219,POINT (46.1879826575 -1.2048519272),10846
coastal_migration_satellite_0_40k.10847,-2.14796598,POINT (46.1856436313 -1.2078115585),10847
coastal_migration_satellite_0_40k.10848,-1.11282599,POINT (46.1833045056 -1.2107711898),10848
coastal_migration_satellite_0_40k.10849,-0.13805554,POINT (46.1809652803 -1.2137308211),10849
coastal_migration_satellite_0_40k.10850,-1.98690381,POINT (46.178456894199996 -1.216358287),10850
coastal_migration_satellite_0_40k.10851,-4.04907255,POINT (46.1758030981 -1.2187001322),10851
coastal_migration_satellite_0_40k.10852,16.48430513,POINT (46.1727919938 -1.2198249898),10852
coastal_migration_satellite_0_40k.10853,44.44260868,POINT (46.1699920893 -1.2217285158),10853
coastal_migration_satellite_0_40k.10854,41.85616943,POINT (46.1675203607 -1.2244553866),10854
coastal_migration_satellite_0_40k.10855,26.77216051,POINT (46.1652613769 -1.2275325639),10855
coastal_migration_satellite_0_40k.10856,4.68830151,POINT (46.1629801811 -1.2305593202),10856
coastal_migration_satellite_0_40k.10857,24.045492,POINT (46.1602005284 -1.2309530661),10857
coastal_migration_satellite_0_40k.10858,0.03518313,POINT (46.157965597 -1.2278284358),10858
coastal_migration_satellite_0_40k.10859,-4.25703525,POINT (46.1550769446 -1.2267515271),10859
coastal_migration_satellite_0_40k.10860,-10.39296485,POINT (46.1521745028 -1.2283227587),10860
coastal_migration_satellite_0_40k.10861,1.17918422,POINT (46.1493194557 -1.2299201904000001),10861
coastal_migration_satellite_0_40k.10862,1.8455257,POINT (46.148570996 -1.2255654094),10862
coastal_migration_satellite_0_40k.10863,0.47171906,POINT (46.1483184871 -1.2210886457),10863
coastal_migration_satellite_0_40k.10864,-0.07388288,POINT (46.1480659771 -1.216611882),10864
coastal_migration_satellite_0_40k.10865,-0.05502731,POINT (46.1481122778 -1.2121257251),10865
coastal_migration_satellite_0_40k.10866,2.00030304,POINT (46.1482295226 -1.207637338),10866
coastal_migration_satellite_0_40k.10867,0.40604135,POINT (46.1484504957 -1.2031614586),10867
coastal_migration_satellite_0_40k.10868,0.34137938,POINT (46.1489155147 -1.1987233988),10868
coastal_migration_satellite_0_40k.10869,0.55626768,POINT (46.1496881533 -1.194380677),10869
coastal_migration_satellite_0_40k.10870,0.31907823,POINT (46.1507464886 -1.1901568833),10870
coastal_migration_satellite_0_40k.10871,-1.07032526,POINT (46.1518048035 -1.1859330895),10871
coastal_migration_satellite_0_40k.10872,-0.17196877,POINT (46.152640322 -1.1816192147),10872
coastal_migration_satellite_0_40k.10873,-0.11147423,POINT (46.1531146378 -1.1771861933),10873
coastal_migration_satellite_0_40k.10874,-0.85809529,POINT (46.1534106379 -1.1727149878),10874
coastal_migration_satellite_0_40k.10875,0.01799502,POINT (46.1537066365 -1.1682437823),10875
coastal_migration_satellite_0_40k.10876,0.33219899,POINT (46.1544584508 -1.1638970188),10876
coastal_migration_satellite_0_40k.10877,0.74290117,POINT (46.155784878 -1.1598533329),10877
coastal_migration_satellite_0_40k.10878,1.54373224,POINT (46.1557368499 -1.1560309654),10878
coastal_migration_satellite_0_40k.10879,-0.87405462,POINT (46.1528042595 -1.1571711703),10879
coastal_migration_satellite_0_40k.10880,5.84818668,POINT (46.1502014892 -1.1596063974),10880
coastal_migration_satellite_0_40k.10881,11.83901062,POINT (46.1477093976 -1.1622960793),10881
coastal_migration_satellite_0_40k.10882,-3.55969444,POINT (46.1452171932 -1.1649857613),10882
coastal_migration_satellite_0_40k.10883,3.60194552,POINT (46.142724876 -1.1676754433),10883
coastal_migration_satellite_0_40k.10884,-4.04864642,POINT (46.140078905 -1.1699990351),10884
coastal_migration_satellite_0_40k.10885,-0.86314191,POINT (46.1377962136 -1.169233146),10885
coastal_migration_satellite_0_40k.10886,-23.33546282,POINT (46.1378321621 -1.1647511819),10886
coastal_migration_satellite_0_40k.10887,0.97307822,POINT (46.1373402752 -1.1604072968999999),10887
coastal_migration_satellite_0_40k.10888,1.5485353,POINT (46.136040004 -1.1563457282),10888
coastal_migration_satellite_0_40k.10889,-1.07511047,POINT (46.1342782038 -1.1526486888),10889
coastal_migration_satellite_0_40k.10890,-0.08937883,POINT (46.132321963 -1.1491550751),10890
coastal_migration_satellite_0_40k.10891,0.45640978,POINT (46.1303656527 -1.1456614613),10891
coastal_migration_satellite_0_40k.10892,0.83553176,POINT (46.1284092715 -1.1421678476000001),10892
coastal_migration_satellite_0_40k.10893,0.35992313,POINT (46.1268715218 -1.138267295),10893
coastal_migration_satellite_0_40k.10894,-1.08925795,POINT (46.125741247 -1.1340822406),10894
coastal_migration_satellite_0_40k.10895,-12.40547974,POINT (46.1241799237 -1.1303001712),10895
coastal_migration_satellite_0_40k.10896,-18.3425145,POINT (46.1217339531 -1.1276167435),10896
coastal_migration_satellite_0_40k.10897,-16.10867048,POINT (46.1188287222 -1.1261216669),10897
coastal_migration_satellite_0_40k.10898,-17.15434013,POINT (46.1157503546 -1.1258359231),10898
coastal_migration_satellite_0_40k.10899,-8.92748617,POINT (46.1127730031 -1.1269387948),10899
coastal_migration_satellite_0_40k.10900,-8.73127697,POINT (46.1104152918 -1.129731374),10900
coastal_migration_satellite_0_40k.10901,-1.03987538,POINT (46.1096028629 -1.133970901),10901
coastal_migration_satellite_0_40k.10902,-0.66711058,POINT (46.1087860469 -1.1382846043),10902
coastal_migration_satellite_0_40k.10903,-3.1132159,POINT (46.1068118564 -1.1415119346),10903
coastal_migration_satellite_0_40k.10904,-1.81939523,POINT (46.1045151008 -1.1391588875),10904
coastal_migration_satellite_0_40k.10905,-1.49679133,POINT (46.1036885378 -1.1348398197),10905
coastal_migration_satellite_0_40k.10906,1.9688368,POINT (46.1031569613 -1.1304141584),10906
coastal_migration_satellite_0_40k.10907,0.89469107,POINT (46.1788926548 -1.3988522858999999),10907
coastal_migration_satellite_0_40k.10908,1.02967783,POINT (46.1774394911 -1.3948811647000001),10908
coastal_migration_satellite_0_40k.10909,0.63804195,POINT (46.1759183195 -1.3909664346000001),10909
coastal_migration_satellite_0_40k.10910,1.22537026,POINT (46.1742755644 -1.3871524893),10910
coastal_migration_satellite_0_40k.10911,-0.42698518,POINT (46.1726327602 -1.383338544),10911
coastal_migration_satellite_0_40k.10912,-0.10060112,POINT (46.170989907 -1.3795245987),10912
coastal_migration_satellite_0_40k.10913,-1.38698284,POINT (46.1692077919 -1.3758467396),10913
coastal_migration_satellite_0_40k.10914,-0.85474275,POINT (46.1673426736 -1.3722534356),10914
coastal_migration_satellite_0_40k.10915,-0.37493891,POINT (46.1653603243 -1.3687920235),10915
coastal_migration_satellite_0_40k.10916,-2.25790966,POINT (46.1633779037 -1.3653306113),10916
coastal_migration_satellite_0_40k.10917,-3.66903621,POINT (46.1613954115 -1.3618691992),10917
coastal_migration_satellite_0_40k.10918,-0.37336209,POINT (46.159412848 -1.3584077871),10918
coastal_migration_satellite_0_40k.10919,-2.62530212,POINT (46.1576469202 -1.3547243455),10919
coastal_migration_satellite_0_40k.10920,-1.92290649,POINT (46.1560386671 -1.3508793901),10920
coastal_migration_satellite_0_40k.10921,-2.05821338,POINT (46.1544303669 -1.3470344347),10921
coastal_migration_satellite_0_40k.10922,-1.74679393,POINT (46.1529308704 -1.3431023305),10922
coastal_migration_satellite_0_40k.10923,-0.11055328,POINT (46.1515234911 -1.3390964766),10923
coastal_migration_satellite_0_40k.10924,-2.29380226,POINT (46.1501800996 -1.3350474679),10924
coastal_migration_satellite_0_40k.10925,0.2202935,POINT (46.1489564347 -1.3309177721),10925
coastal_migration_satellite_0_40k.10926,-1.72494192,POINT (46.1477327425 -1.3267880762),10926
coastal_migration_satellite_0_40k.10927,-0.7928732,POINT (46.1466614864 -1.3225724806999999),10927
coastal_migration_satellite_0_40k.10928,-0.15101286,POINT (46.1456235111 -1.3183381334),10928
coastal_migration_satellite_0_40k.10929,-0.35843918,POINT (46.1447519598 -1.3140324536999999),10929
coastal_migration_satellite_0_40k.10930,0.50267892,POINT (46.1441941254 -1.3096182352),10930
coastal_migration_satellite_0_40k.10931,0.30178913,POINT (46.1440504773 -1.3051390603),10931
coastal_migration_satellite_0_40k.10932,-0.51993205,POINT (46.1440134726 -1.3006478014),10932
coastal_migration_satellite_0_40k.10933,-0.34939889,POINT (46.1442986873 -1.296178091),10933
coastal_migration_satellite_0_40k.10934,-0.07422464,POINT (46.1446232777 -1.2917110142000001),10934
coastal_migration_satellite_0_40k.10935,-2.79251807,POINT (46.1449478663 -1.2872439374),10935
coastal_migration_satellite_0_40k.10936,-1.02343669,POINT (46.1456822491 -1.2828848326),10936
coastal_migration_satellite_0_40k.10937,0.54511279,POINT (46.1469040791 -1.2787994742),10937
coastal_migration_satellite_0_40k.10938,0.28557357,POINT (46.1488407799 -1.2753471311),10938
coastal_migration_satellite_0_40k.10939,-0.02658681,POINT (46.1511333501 -1.2723101897),10939
coastal_migration_satellite_0_40k.10940,-0.46633113,POINT (46.1534258249 -1.2692732482),10940
coastal_migration_satellite_0_40k.10941,26.56858156,POINT (46.1549651381 -1.2654526997),10941
coastal_migration_satellite_0_40k.10942,1.58595336,POINT (46.1561681678 -1.2613503401),10942
coastal_migration_satellite_0_40k.10943,1.09947719,POINT (46.1580790924 -1.2578326082),10943
coastal_migration_satellite_0_40k.10944,1.61724319,POINT (46.1604615908 -1.2549886574),10944
coastal_migration_satellite_0_40k.10945,4.3871791,POINT (46.1633604261 -1.2547882638),10945
coastal_migration_satellite_0_40k.10946,-2.48395353,POINT (46.1638376154 -1.2590038577),10946
coastal_migration_satellite_0_40k.10947,-1.2011621,POINT (46.1627907839 -1.2632158452),10947
coastal_migration_satellite_0_40k.10948,-0.02225274,POINT (46.1616465666 -1.2673772524),10948
coastal_migration_satellite_0_40k.10949,-1.75445676,POINT (46.1614931863 -1.2718166879),10949
coastal_migration_satellite_0_40k.10950,-0.62195977,POINT (46.1627383113 -1.2758547585),10950
coastal_migration_satellite_0_40k.10951,-0.67445602,POINT (46.1649685634 -1.2789498721),10951
coastal_migration_satellite_0_40k.10952,-0.81605103,POINT (46.1676041344 -1.281313587),10952
coastal_migration_satellite_0_40k.10953,0.01710939,POINT (46.1704343538 -1.2831609822),10953
coastal_migration_satellite_0_40k.10954,0.04466447,POINT (46.1733153263 -1.2848540431),10954
coastal_migration_satellite_0_40k.10955,-0.08051886,POINT (46.176196148 -1.286547104),10955
coastal_migration_satellite_0_40k.10956,-0.11389946,POINT (46.1790768187 -1.2882401649),10956
coastal_migration_satellite_0_40k.10957,-0.66097744,POINT (46.1819255234 -1.2900296324),10957
coastal_migration_satellite_0_40k.10958,0.45198683,POINT (46.1846294159 -1.2922388239),10958
coastal_migration_satellite_0_40k.10959,-0.45046165,POINT (46.1869433553 -1.2952027266),10959
coastal_migration_satellite_0_40k.10960,-2.40115021,POINT (46.1884174326 -1.2991043714),10960
coastal_migration_satellite_0_40k.10961,-1.65460913,POINT (46.1890004947 -1.3034905365),10961
coastal_migration_satellite_0_40k.10962,-0.37621031,POINT (46.1891082722 -1.3079744206),10962
coastal_migration_satellite_0_40k.10963,-2.34651677,POINT (46.1891170807 -1.312465979),10963
coastal_migration_satellite_0_40k.10964,-1.20128392,POINT (46.1891258892 -1.3169575374),10964
coastal_migration_satellite_0_40k.10965,-1.30255377,POINT (46.1897426702 -1.3213456382),10965
coastal_migration_satellite_0_40k.10966,-0.07209959,POINT (46.1909343653 -1.3254386431),10966
coastal_migration_satellite_0_40k.10967,0.14700113,POINT (46.1925537194 -1.3292683002),10967
coastal_migration_satellite_0_40k.10968,-0.57500248,POINT (46.1945339412 -1.3327310822),10968
coastal_migration_satellite_0_40k.10969,-0.11435031,POINT (46.1965140917 -1.3361938642),10969
coastal_migration_satellite_0_40k.10970,-1.1373993,POINT (46.1984941708 -1.3396566462),10970
coastal_migration_satellite_0_40k.10971,-0.47656067,POINT (46.0224687438 -1.4017096729),10971
coastal_migration_satellite_0_40k.10972,-0.60064269,POINT (46.0195517686 -1.4001197074),10972
coastal_migration_satellite_0_40k.10973,-3.57006617,POINT (46.0166742527 -1.398387045),10973
coastal_migration_satellite_0_40k.10974,-1.47358351,POINT (46.0137998975 -1.3966424932),10974
coastal_migration_satellite_0_40k.10975,-1.31435412,POINT (46.0109253929 -1.3948979413),10975
coastal_migration_satellite_0_40k.10976,-2.04816801,POINT (46.0080507389 -1.3931533895000001),10976
coastal_migration_satellite_0_40k.10977,-1.66885758,POINT (46.0082040325 -1.332527779),10977
coastal_migration_satellite_0_40k.10978,-1.93210521,POINT (46.010356804 -1.3357784727),10978
coastal_migration_satellite_0_40k.10979,-6.5872046,POINT (46.0125094917 -1.3390291664),10979
coastal_migration_satellite_0_40k.10980,-1.8183747,POINT (46.0146404 -1.3423086469),10980
coastal_migration_satellite_0_40k.10981,-2.03782522,POINT (46.0167159281 -1.3456615573000001),10981
coastal_migration_satellite_0_40k.10982,-1.7105065,POINT (46.0187913783 -1.3490144677),10982
coastal_migration_satellite_0_40k.10983,0.01050723,POINT (46.0208667507 -1.3523673781),10983
coastal_migration_satellite_0_40k.10984,14.2979365,POINT (46.0229420451 -1.3557202885000001),10984
coastal_migration_satellite_0_40k.10985,0.2545213,POINT (46.0250172617 -1.3590731989),10985
coastal_migration_satellite_0_40k.10986,-2.68409638,POINT (46.0271292702 -1.3623738042),10986
coastal_migration_satellite_0_40k.10987,-1.49004701,POINT (46.029427577 -1.3654096902),10987
coastal_migration_satellite_0_40k.10988,-1.29037813,POINT (46.0317257883 -1.3684455763),10988
coastal_migration_satellite_0_40k.10989,-0.16839676,POINT (46.0344001307 -1.3705249138),10989
coastal_migration_satellite_0_40k.10990,-1.45363623,POINT (46.037132806 -1.3724085245),10990
coastal_migration_satellite_0_40k.10991,-1.76604187,POINT (46.0391355318 -1.375828997),10991
coastal_migration_satellite_0_40k.10992,-2.61995056,POINT (46.0404673739 -1.3798804286),10992
coastal_migration_satellite_0_40k.10993,-4.22111655,POINT (46.0415910256 -1.3840701627),10993
coastal_migration_satellite_0_40k.10994,-2.15515614,POINT (46.0425865655 -1.3883208985),10994
coastal_migration_satellite_0_40k.10995,-1.94393007,POINT (46.0434179317 -1.3926498362),10995
coastal_migration_satellite_0_40k.10996,-2.44935931,POINT (46.0442492853 -1.396978774),10996
